internal_id,sequence_id,sequence_sha256,sequence_length,analysis_cohort,split,homology_cluster
GVPA_000005,TXL89991.1,aa59f16edbc4590f172362346834d53001c413d4d23d431bebfb83963804be9d,160,primary,discovery,GVPA_000005
GVPA_000008,WP_453170814.1,645b0824b3219f43ca9bf586b1f0ed8b6a2bddc9e1607e98207f5525cf24e7fe,160,primary,discovery,GVPA_000008
GVPA_000009,WP_366714016.1,30ff535316567f348698b82de175ed928756629246bec409d1ca915f4cbaf6ac,160,primary,discovery,GVPA_000009
GVPA_000013,WP_430979944.1,9d11db9b3d06ec1352bcc216b39f72616266a0f875223048ca6cc093c81f2a9a,160,primary,discovery,GVPA_000013
GVPA_000015,WP_401427507.1,bfc65fff6ce7103c418fc34d72485afc529675982741e7cf702ea66c1476b7de,160,primary,discovery,GVPA_000015
GVPA_000017,WP_392151597.1,fc446d713fad143f980dde219ff395af976f3a1f06b6be66a43d8d4c6bce1c7f,160,primary,discovery,GVPA_000017
GVPA_000018,WP_390691348.1,572d790cfbef3dd999c59b121cf2b7090bbd48afb0f01153448d11058363510b,160,primary,discovery,GVPA_000018
GVPA_000019,WP_384519563.1,71cb99ef69208968052adf6d937dc5ca5f52e6f3944954196bb62b1780b56619,160,primary,discovery,GVPA_000019
GVPA_000020,WP_384426389.1,b0f1db1699eb6df02d099023bc20b49fb607d2ee65e9446524b8174531318b18,160,primary,discovery,GVPA_000013
GVPA_000021,WP_384149879.1,f2aa2e1680b53c16edff6fc69709ad4c80844dbbd672231a5bba227c2bb54dc0,160,primary,discovery,GVPA_000015
GVPA_000026,WP_381283140.1,d4eb32660cd380333ea1313026a648fe40f6b10b4f0932b1e37d3ee11f468d2d,160,primary,discovery,GVPA_000026
GVPA_000028,WP_351928432.1,1d5fb5e96cb237a61c42b79e2e84062fa727bb7a9dde2f30ebdbbd99c7a5f28a,160,primary,discovery,GVPA_000008
GVPA_000030,WP_344585230.1,e1f2e48ecd381e00c9786733c07c750b33e65bff16cb6d41147d4433ba3f87fe,160,primary,discovery,GVPA_000029
GVPA_000031,WP_329895213.1,b4dee8e1aa53781a9cd27e4dcba8f762ef1a4842196955b0ccc2df1ec26ce1f6,160,primary,discovery,GVPA_000031
GVPA_000033,WP_237320104.1,0b5685328620d66f183b6d5da7e2f8fb7e8fa7553b671051fe302a6da59aee45,160,primary,discovery,GVPA_000033
GVPA_000036,WP_119290504.1,5a148be2d0a88ef3bdc5503333a45e7422f7fcb1dc3359052c0b64b960f427d9,160,primary,discovery,GVPA_000036
GVPA_000039,WUD77707.1,99a07129f51bd6011cb725171cefbc986a3caf35811b44b743a073ab4d7c0fd9,159,primary,discovery,GVPA_000039
GVPA_000042,WP_453331267.1,ed06327666583867bd8102917d6052f0bddff1d1576113d73ff7b9ee461a149d,159,primary,discovery,GVPA_000042
GVPA_000045,WP_432115267.1,ac94e3c6839d8480673c1387dacbb1697fd0ae6f071b57f6b3fcbcfd8b7e3413,159,primary,discovery,GVPA_000015
GVPA_000046,WP_432075292.1,d3b50a28ce6ff9c52b7d7190e2f91c3ab9de94d4a5e5fa0feee276fec6a1217e,159,primary,discovery,GVPA_000019
GVPA_000047,WP_426361762.1,4b08b40d9efce2d34e027649a0e2c0f172d8aab1f6beaa5798d079332024fffe,159,primary,discovery,GVPA_000017
GVPA_000048,WP_406079831.1,4a9313f60e6dde62d9162004dc60a880b50e871f14f2c0475246b2d834cbdac6,159,primary,discovery,GVPA_000015
GVPA_000050,WP_392220731.1,abd5e4cec8c93270b3a146e93d98eb91a913b00e3f1875a5858c1ae9f7b6c6ff,159,primary,discovery,GVPA_000050
GVPA_000053,WP_388012055.1,1ef44cb2cd7e5a3638684c33f9e2528dbb002915740a845e8040034eb8af058d,159,primary,discovery,GVPA_000053
GVPA_000055,WP_385766580.1,48188e871e9653e8a0a02a10a4cd93d3fc0f657013b917a493beb1d9a0801f1f,159,primary,discovery,GVPA_000055
GVPA_000061,WP_329286671.1,66631c49b3113bacd83d103bbc798836b975a6daa1c7c255c10eacfd483b5e1a,159,primary,discovery,GVPA_000015
GVPA_000062,WP_319697297.1,b9d6da2d1b81998f6d8ba41ed1e563634cfa70868bf3ebeddf98b5714bbc80fe,159,primary,discovery,GVPA_000062
GVPA_000063,WP_208827774.1,9f2e188a2d7f48f6d63faef25f0316704e19ee92a1b21bf89b64ad0262849320,159,primary,discovery,GVPA_000050
GVPA_000064,WP_196462764.1,422a961f840aae04f9074f204d6b17f37ad6099ffc15a8fe95f31cacf203b411,159,primary,discovery,GVPA_000064
GVPA_000067,WP_149826098.1,a726e46b32b882a266618f0d977c90152d43720734dc2360e5450013cb8d4ed8,159,primary,discovery,GVPA_000067
GVPA_000072,TXS21901.1,2b7b7e87348e6e0903eaafb3d4c7d61a970f4a3fee6eb77c689fb6b1a3ab7634,158,primary,discovery,GVPA_000015
GVPA_000075,WP_452935494.1,6e289f4d7a1d50b087365b37037f4c5dc248b7fcb6df591df6624422d31d2072,158,primary,discovery,GVPA_000029
GVPA_000077,WP_443305033.1,259b656760b4cc28937d66ab193be05e27b91727f5c510e28efd5d44c6b45d8f,158,primary,discovery,GVPA_000064
GVPA_000078,WP_436748414.1,766bdef457e14507a24a300a0ff0d814cb829d10d13f1c1078522d52285a15f1,158,primary,discovery,GVPA_000078
GVPA_000079,WP_391428759.1,6ef1e75f0b1881a040d6d4114af3efc41d0de986171943a3f94c1e0a8aaf641e,158,primary,discovery,GVPA_000009
GVPA_000081,WP_403391285.1,3457d50289602393398410d6c385203b2f2e476220e830522717e3d172bc89e6,158,primary,discovery,GVPA_000081
GVPA_000083,WP_403595601.1,32c892a24600b3605a3519ed357b0b13fce61710e750b643dc2cb5c85b70f66b,158,primary,discovery,GVPA_000083
GVPA_000093,WP_242571277.1,2ba994daf35c0e5175a459925517d2467f09a999b28844b8f0f095e0908e4c4b,158,primary,discovery,GVPA_000005
GVPA_000098,WP_361806262.1,18bd5ede612cfa1e62c4efaa3d0008759cb420ce187818c3df10501ba970c016,158,primary,discovery,GVPA_000039
GVPA_000099,WP_361305942.1,742de8e9c0d2f7d34c974f72a9a8c351a697138a042d16467a895b772e7744eb,158,primary,discovery,GVPA_000009
GVPA_000101,WP_355236935.1,86a00510e02107f861a0ecf77cbe7ae7720abdea0ad05b8c7bf4e688230d42bf,158,primary,discovery,GVPA_000101
GVPA_000105,WP_184907309.1,a40244aedf11fb0a8674bf55783a0318d264d439e28494c56c7a64fbd3cc558e,158,primary,discovery,GVPA_000009
GVPA_000123,WP_451081515.1,29e867f488c6ef7642ca60145548700421889679f9f35cee2730b8f79fceba19,157,primary,discovery,GVPA_000123
GVPA_000125,WP_391273158.1,bdfde0de036d9a31b44f95ec8ddd8d4f51a5d34597e269e08328b6dd40d7a54b,157,primary,discovery,GVPA_000019
GVPA_000126,WP_408055953.1,8f12fcf15894c16e78920d66e6228279e418e15b80ea8de2075e40bed3e917a2,157,primary,discovery,GVPA_000064
GVPA_000127,WP_403867068.1,96bcf20d2d4d32c2e547600b367d92d2dcfbca8c4f4181b07d6a15a0205751ec,157,primary,discovery,GVPA_000042
GVPA_000130,WP_389471980.1,324a8b8286a3fa2097fdb4db8765e5dd2fb414d52aff48fccbd928494a77e116,157,primary,discovery,GVPA_000130
GVPA_000133,WP_365452354.1,f64c88bca95aef833dbc74a1128b7a6de87f98ba2df84471abdb675b6d341348,157,primary,discovery,GVPA_000026
GVPA_000136,WP_384857597.1,0c483b3fb177cd8628f65bd0bae7deb690414fefa4edaf11482df8a842207480,157,primary,discovery,GVPA_000019
GVPA_000139,WP_362292851.1,4cf6a9cf06c7d05a5400b5df8a012b0a3016931e240cf413747328a67966de4a,157,primary,discovery,GVPA_000062
GVPA_000141,WP_356390444.1,c43bea6017b9a32efb6295e9fe824e60b920863d3b4f1d8c2dfedfb93fe4027a,157,primary,discovery,GVPA_000002
GVPA_000144,WP_192364161.1,921fd5398aadb31f20ef3fd9eff0799256c2c45f286be75a53cd55d794eabeda,157,primary,discovery,GVPA_000031
GVPA_000161,WP_451442940.1,708ce8faccfccacbfa0f46afc7c2f4d846589131706bedb8ebfa66383c508037,156,primary,discovery,GVPA_000161
GVPA_000169,WP_393645280.1,f91bb91af9739e1dfa625c930d5fce82fa9170feb2249341150d342644030954,156,primary,discovery,GVPA_000017
GVPA_000170,WP_391836698.1,2246d29d06eed91b4c8ff0fd6c9406452b8481cfb2425109fd12a982d3361fd9,156,primary,discovery,GVPA_000170
GVPA_000172,WP_389023813.1,434ce001306f1ee560e75148d43fc6b2f04e5a5c0cfe486cde32fbdcd6de9238,156,primary,discovery,GVPA_000017
GVPA_000175,WP_385341287.1,88f2817e469ef96ee1a3e0ce1dd0b386527eccac23a8ba849d38aafdd78ad2d9,156,primary,discovery,GVPA_000070
GVPA_000178,WP_384319075.1,e795236180f972efe2e185beff81f404a2fc83d013c2f5d2dc9516b6912cb7b3,156,primary,discovery,GVPA_000005
GVPA_000179,WP_383555888.1,31e1fa559df6d660c7a5a6a42b4ce685b8046b7c4c5569e2b6a4a21757ea0c55,156,primary,discovery,GVPA_000179
GVPA_000180,WP_381363326.1,af5abf0aef9c52110960e0a36bf0c687a316c5e6ca9d959f13733c0cbfe251a5,156,primary,discovery,GVPA_000101
GVPA_000182,WP_362624104.1,1ef1c8fd86f184bae65684f2336e918737ebe3fd5e4c2b350369f4eaaf985a8b,156,primary,discovery,GVPA_000055
GVPA_000183,WP_362255017.1,9e99a6f78d6a337b09fedbb21f78d8028cbdfe890bdee4e57196648589428ca8,156,primary,discovery,GVPA_000008
GVPA_000184,WP_361854053.1,1277f893368491b974ae97acf35865c52000554e3716c0e3476d753f081d9ae0,156,primary,discovery,GVPA_000083
GVPA_000185,WP_360274536.1,c32e8e7ea932371933bb081567e839a31589122ac0f55dfbcf735ab50bf19a05,156,primary,discovery,GVPA_000019
GVPA_000186,WP_354796334.1,79cb5378f96b35c41895e97cf8b14c56f67f028dc99bb5c746816e7120549c86,156,primary,discovery,GVPA_000008
GVPA_000188,WP_327179779.1,32fc035304f6a033f175dbd27fa7ec3aa5c0230f465917d01ce5f0242108825e,156,primary,discovery,GVPA_000162
GVPA_000190,WP_233662101.1,432db89bd647c6c027f993f627109ffa9adb13427fe8290623494d252aad4454,156,primary,discovery,GVPA_000029
GVPA_000191,WP_200304000.1,39a1ee0f9a908bf1447534c445c77cb090201b5a8424b7ffb56eefcae3064d6c,156,primary,discovery,GVPA_000031
GVPA_000193,WP_189511167.1,b00b39703779f5710ee2346eb943351b04a2833b5020c7b19f94b4a80ef1e79e,156,primary,discovery,GVPA_000017
GVPA_000198,RLL66066.1,848778adfd84e5eca7ca6e207d6a839c4beccabbc91b9bcc8679aa5c70e7110c,155,primary,discovery,GVPA_000198
GVPA_000199,WP_453495348.1,147a654c8609197403b46597a2ea1c01d8c8cda4bd400450ac07f560631e21c2,155,primary,discovery,GVPA_000070
GVPA_000203,WP_376373716.1,9edcb1238ee29553459a60acd63d2cd2600b437df9a3db3f421760ce3001f8eb,155,primary,discovery,GVPA_000203
GVPA_000207,WP_403766304.1,79940c681977bc040ab90047dbbae47f50201829f33d916e48758c8962a86bd1,155,primary,discovery,GVPA_000207
GVPA_000209,WP_401550607.1,46709e4066246a57eacdb989afd81b1c30639a12b0aece9e5f30c997146b1bd3,155,primary,discovery,GVPA_000015
GVPA_000210,WP_398977149.1,263c4ea53cac79b23510d357cea5c206c947b495ea2dce34daf68b68af85997c,155,primary,discovery,GVPA_000005
GVPA_000211,WP_398402611.1,562de40abe916ef7d15790c84e4f2e01e8bae895671489685606c3add774ec40,155,primary,discovery,GVPA_000070
GVPA_000212,WP_398233985.1,959ab22775995a646f233ea3623f715287aea7f488e93ac8ce20a7d475b2466a,155,primary,discovery,GVPA_000019
GVPA_000213,WP_395358361.1,16227ab7be90ca465259bc80deea06e20a484dadb5efda6aa3758ef3cb5a9ac4,155,primary,discovery,GVPA_000015
GVPA_000215,WP_387732130.1,e892fd6877bb2466735209a8f5d5e9e4a19f2ed569cd9dda95c9751d5ed5e045,155,primary,discovery,GVPA_000215
GVPA_000216,WP_383772838.1,1072b6c0d288fa857c71d4f103112a86cd4647da99b043256ae3ed5cc6a412cc,155,primary,discovery,GVPA_000081
GVPA_000217,WP_382691572.1,f1fe9b06221aa48ef303c9c32fa0515ec25bde525b1a7efb807c30ecaeb713c7,155,primary,discovery,GVPA_000217
GVPA_000219,WP_073903466.1,a9e4e41f72a32744e80927f7929e096860fad781fe15002921fae62224c82ed0,155,primary,discovery,GVPA_000015
GVPA_000220,WP_372504749.1,c0675038a22166afd5bd104a7c8ea607ec616b97931cfab31c268dd42fa44354,155,primary,discovery,GVPA_000170
GVPA_000224,WP_356545400.1,6b92795ca180fea576036384bc093fa031fe7719eedc2a5f21683d95ef870547,155,primary,discovery,GVPA_000179
GVPA_000226,WP_356514314.1,349fe09f445d5e7d574c934e9a38bb41ff3f971ac74993c79758aa174325ac2b,155,primary,discovery,GVPA_000083
GVPA_000227,WP_352085345.1,371996056213fc2ab8275511b7c0b4c931327614165187c464ade6126f636a95,155,primary,discovery,GVPA_000227
GVPA_000228,WP_093595032.1,0b7e28fe929b7abef3086c9271d829b2600081f3feb525d6e582012d78d79b60,155,primary,discovery,GVPA_000228
GVPA_000229,WP_329112689.1,887535c1190f7c11ff33df1eeb28dcb6e73f0f4002600b0650bfdcfb7bb6818f,155,primary,discovery,GVPA_000179
GVPA_000230,WP_311675699.1,103d386566c8d4ee306abd7f27aa0197683ecfc6ce47f459926daa3bef638c50,155,primary,discovery,GVPA_000033
GVPA_000232,WP_260230685.1,12a489c5ef9a96723151e3c99a1128badfffe04de6de2bf9e4e3f4bc46782c31,155,primary,discovery,GVPA_000015
GVPA_000233,WP_214937786.1,456bfa5caa503c82c17b2b8719b676ff031334130b81452d9a930168be6f62db,155,primary,discovery,GVPA_000117
GVPA_000234,WP_190037831.1,5cf8986c0853c413f8b1e664da7cbbac2e4971ce9b1f2f937f6920bd79b5f07d,155,primary,discovery,GVPA_000002
GVPA_000235,WP_229913838.1,a784b27f76a5ef3cd6de5f5325a8cd60515969622a0d82fe718c1b79a0509c44,155,primary,discovery,GVPA_000067
GVPA_000239,WP_028847235.1,13fb84ecb86ee81080b20d1bab03ae934bcc76f45d4006fdd6c0a3478421dd28,155,primary,discovery,GVPA_000239
GVPA_000247,TDF58290.1,b54527aaebb87eff3742782cb4a783a07164225c0f1ef3d9dd32de501ec0c329,154,primary,discovery,GVPA_000050
GVPA_000248,WP_453733442.1,4c7e11f521d1c45993f0f8219150325932f351d37202fa2a80dfe78e9c1f4a94,154,primary,discovery,GVPA_000036
GVPA_000253,WP_451504853.1,20ba44cf1a67b78b4b8ace6b074080be60d308cebcfe69d03eb6c34e03fa8258,154,primary,discovery,GVPA_000108
GVPA_000255,WP_450390455.1,226427947414610679c0d70ea17ddeb88a426122d1181ea1f2c8758327eeecc3,154,primary,discovery,GVPA_000008
GVPA_000256,WP_017588507.1,54d9502d2c459a7824f40e3c40abe050834e9df52233c4706a4584352d9460f1,154,primary,discovery,GVPA_000256
GVPA_000258,WP_444477305.1,d7e2171ef96ebcaa30020340b00462d48e464abca2833e65bcef30b6d2931284,154,primary,discovery,GVPA_000013
GVPA_000259,WP_431953769.1,5d63741d813439bb5e901bdcb28d3f77883b765367a79da02673754077e9d293,154,primary,discovery,GVPA_000008
GVPA_000260,WP_224736821.1,041f7c0450c84165d1dc328b75199c86dffb80b905a3e2006b58db009b1bd87c,154,primary,discovery,GVPA_000064
GVPA_000261,WP_355816182.1,b6ba2e04a6dc36d77d81e57f32379306acf3c21206135612a1c1eb7edfb365b6,154,primary,discovery,GVPA_000009
GVPA_000262,WP_420855983.1,976c9c0294185637e36c03e57f2c9d01ffaec2f9e56ef5673fe81e04f9076500,154,primary,discovery,GVPA_000262
GVPA_000265,WP_326654451.1,94cfd0404533ca08f39e70a5f99b16e734aa42d028db1be51ca244d176e27ebb,154,primary,discovery,GVPA_000108
GVPA_000266,WP_403310984.1,38aed9a03a4bad8a6a6d96423b48e2af4e95de73201ffaabfc4eae22c4e1bd31,154,primary,discovery,GVPA_000015
GVPA_000267,WP_355965252.1,464c0e93241febe31ad94016c0cd5b12b1eedb02d62c39f1efca373666c491fa,154,primary,discovery,GVPA_000015
GVPA_000269,WP_366041890.1,42f53f79f46551ae7f62e98949d165b13689569043a69fad8b38ec6c72c73676,154,primary,discovery,GVPA_000017
GVPA_000270,WP_400055603.1,d6ff8aff1fd297c02cb6bcee7e69321428e39116d1b9adc47377ab34fa50c7e1,154,primary,discovery,GVPA_000055
GVPA_000271,WP_399285016.1,22aaed22bae3f328996033cd91017e6fda8c6f653faa5dd7ba8741774b8df914,154,primary,discovery,GVPA_000271
GVPA_000273,WP_391911743.1,d3cd18198f60af814cfc3a2511a59ca589fed17ef93ef9a9c49b53965f252d5b,154,primary,discovery,GVPA_000273
GVPA_000274,WP_384744233.1,6592feec44349ee9c6a53bf5f6905a432c4aadd411e31e04001c406d6368bc25,154,primary,discovery,GVPA_000055
GVPA_000275,WP_353594609.1,5844a3113f3e828bed47e2e9430d84f8cfcb8a356a338a053536b5a111593882,154,primary,discovery,GVPA_000062
GVPA_000276,WP_073795368.1,96d39ae4db5b192eaa43a3efb77944158b26d3d224d5f9d310253a6ea6b6dd0f,154,primary,discovery,GVPA_000276
GVPA_000277,WP_389992010.1,05d742cc5fe597e63926894d3a7e84b797bfdfd349f119cd128d94d90b408c75,154,primary,discovery,GVPA_000032
GVPA_000278,WP_389566633.1,1f9ff226b933c8d5892fcfc9c9980739a3b9e149fc26f98efabc61df1635d723,154,primary,discovery,GVPA_000108
GVPA_000281,WP_382858230.1,748bb0c5f628f1f757e6acca980979d01c394b7833feb8a784a87ce14c8b70bb,154,primary,discovery,GVPA_000015
GVPA_000285,WP_366737137.1,c598b8b530628c56960207945cfecb8d3627beafba620d1ca019e866e89db4da,154,primary,discovery,GVPA_000009
GVPA_000287,WP_361397922.1,d453122b47cd7026cfa5e9b82e6611464697fafa3b13c11ce7c32d4ac5d4a459,154,primary,discovery,GVPA_000287
GVPA_000293,WP_255951445.1,5eae595b4e478c26b67b4050d086bdccf6933d41d6b9e41653f41a3bca12a333,154,primary,discovery,GVPA_000293
GVPA_000294,WP_209513649.1,00c3deae16c4a86a40894d1668c3360e78b76ad24a9fd430d0ee8ba6298df92c,154,primary,discovery,GVPA_000170
GVPA_000295,WP_189935315.1,a0021732d477e6ec3c4afb474c8922b27e84095f4f0dc8d73c78da44c4bb56b6,154,primary,discovery,GVPA_000295
GVPA_000296,WP_171052790.1,9d7b39a4b87ade7771a512f8391c73d0ce12a3e91cd1e795095b102f26ab37b4,154,primary,discovery,GVPA_000019
GVPA_000297,WP_145775728.1,14a36053e1c63b1d518e593daaf8eb50ac17ad56ed65a0fe410a2bb3f09bd96e,154,primary,discovery,GVPA_000297
GVPA_000300,WP_031111470.1,2aaabb08323fb3b3135cb5a398c40e9ef42eab03056a7556682cddb51ace0ee5,154,primary,discovery,GVPA_000009
GVPA_000301,WP_020575452.1,3854da2bc7b88b7a0aee9bb444fbfad8f737b88f856aef2b972245428f44705e,154,primary,discovery,GVPA_000301
GVPA_000306,QFG25201.1,39f698f81cffba24c99a90314e50007c47ba2e7a26ac753f09e52494bda2bf0e,153,primary,discovery,GVPA_000306
GVPA_000308,TGN80340.1,9745cc2e313790edcbb173667b0331bd9e45a7720be36cc61564b2a59e56d9dd,153,primary,discovery,GVPA_000308
GVPA_000310,QBJ94356.1,2c374c69aab4adb1f2bf94934467b1e4bf5dab6c529c3622bed7d9c2a3858ed6,153,primary,discovery,GVPA_000308
GVPA_000312,WP_451218608.1,8ec1bd5da51c05625e367301ce8e7de584d2e01887cd03ffbc0eb22b395ec3d0,153,primary,discovery,GVPA_000308
GVPA_000316,WP_391134216.1,9ebcf2c1856f95d9a3f3d25827645538f97687d9168ca50b6f4fd3be6fa849c0,153,primary,discovery,GVPA_000015
GVPA_000317,WP_405613318.1,b3b9db07b03f8bb8ed5727ebc53b3afffc4e7843a4676be2092d425bb101e7b0,153,primary,discovery,GVPA_000005
GVPA_000320,WP_399736397.1,64a344bbb7204de08bde59d2605e935267431d33e04bd53d7a4dc3245987b2d7,153,primary,discovery,GVPA_000179
GVPA_000323,WP_388744252.1,7127dc4e6f1d0ee07842147b457880931f409bf5fc00068aa29d19d7a344f7d9,153,primary,discovery,GVPA_000032
GVPA_000324,WP_322985088.1,9d1780518c56bff11487e1f74806de83bb90f2390b9fd2f77ac72b2bc87568f9,153,primary,discovery,GVPA_000005
GVPA_000326,WP_389641842.1,c3aba10ce511c22ca30dee3f5e275553adfe828ff0ba3fe2e83d9d627c24d44a,153,primary,discovery,GVPA_000179
GVPA_000328,WP_388553864.1,7843d2bb9ddfc16fa1d6da511a29f7e31e9240135e4173df6d776a7accc7db3a,153,primary,discovery,GVPA_000328
GVPA_000329,WP_385096318.1,f156b293f105997d94da4860069137b4ad020aa2e79c67a6e7d47580b2a23203,153,primary,discovery,GVPA_000228
GVPA_000332,WP_383844603.1,57ff223d673454137e02cce75d82e5dff60e4fa5366bbfc053d72c959d617713,153,primary,discovery,GVPA_000332
GVPA_000333,WP_383453703.1,e88dcdcac3dbc4d9d8411c6ad71a4d2f2aa6ef418b4b3cf27e9afe8cb18a64f7,153,primary,discovery,GVPA_000017
GVPA_000335,WP_362402805.1,75b4232eedc636f45e9608dd518d7fd3f8893c7b6a0e0e279a58492df9b70ea7,153,primary,discovery,GVPA_000002
GVPA_000336,WP_361762467.1,f38785842f2bbdc57bf6f64c909a24d75a139f1cd1d9fcd1b64d29565ee5d9fc,153,primary,discovery,GVPA_000083
GVPA_000338,WP_356901213.1,90b6bef7e9811aaa602bd674b4b2a2ccafcfb3b42ecf4dad6915e6307c18c459,153,primary,discovery,GVPA_000273
GVPA_000339,WP_356850484.1,f8d9e1d38972182b2bbb780fac3344ead8cc9d3c39ddabd186d96634fe505046,153,primary,discovery,GVPA_000070
GVPA_000341,WP_326599829.1,55af48f6d6a4261eaffeafc5ffd789df9f22c5edbf254b0ff661ed6c754a0e63,153,primary,discovery,GVPA_000078
GVPA_000342,WP_266540318.1,d8111a7bd25fd5f41602a1a919ce269f6d19f6312176c0ca35fee50461300b23,153,primary,discovery,GVPA_000108
GVPA_000344,WP_225849729.1,28f7c4252b4fbf127efea384badad966f0e78c76d609194a46ab9e8410cf98c2,153,primary,discovery,GVPA_000344
GVPA_000345,WP_220647095.1,e92b04638244d332cacfe4f0fc3552abc5109f54f5ad152dc115d06a48226da7,153,primary,discovery,GVPA_000031
GVPA_000346,WP_215033451.1,1ffc0a247576947b5873595186996787c2d80c7cbc61b2deb86d775e36d171db,153,primary,discovery,GVPA_000070
GVPA_000347,WP_210921880.1,b3980a5e630820f62d5de4fbd7e512acc977f2bb624cbae5db69ffc9f37c544a,153,primary,discovery,GVPA_000067
GVPA_000348,WP_187363733.1,1859754fd639df8117dda127097bfc04b1bcd8a6ff95641e8035dfe4ff64ac49,153,primary,discovery,GVPA_000161
GVPA_000349,WP_208879291.1,aa38dbf50254f2843dae74cb4d9c887b0e1756fdbc5b51b1579964f82d473104,153,primary,discovery,GVPA_000349
GVPA_000350,WP_103833877.1,01fdc6e1c34afff389cb66f7a7dd641ce93bf59abc287dcddb586818348f97a5,153,primary,discovery,GVPA_000350
GVPA_000351,WP_030606349.1,d851d062e828173ba14ad7856165fe74b0440befbfd5bcfdf86d18bbbae5902a,153,primary,discovery,GVPA_000350
GVPA_000361,WP_453789347.1,63f41af8ef071f6c496d283213da39e1976b041448649f13b966e4cfebd07ce8,152,primary,discovery,GVPA_000179
GVPA_000362,WP_453533694.1,6c3316b5d297698d5333c70da658042b3fb8a03c13b7cfe27f1b3d38d0cb471b,152,primary,discovery,GVPA_000002
GVPA_000363,WP_453218241.1,b861b4476461301e2f3fab35d9252a4a1cf7996f22c2fdc4ef496b5a72db9d43,152,primary,discovery,GVPA_000363
GVPA_000364,WP_433854971.1,427299cc91224f225e70e43c10bffa462386922edf9344869b8ebdf66ed91b02,152,primary,discovery,GVPA_000013
GVPA_000365,WP_432850593.1,a353acf008cd7c2ad98e0c5e2ae612626fdd4d6b6bd624c7c29e0c29f5f1f9c8,152,primary,discovery,GVPA_000350
GVPA_000366,WP_431964166.1,6e330c848a3293f213e74b4de84f8845e06837d530b60d9b12a06bfc07b888e5,152,primary,discovery,GVPA_000366
GVPA_000368,WP_390952238.1,0f00a696befeb601037ad27593751d1c87fee6ed8ee5a8212250a03f07a1f5ac,152,primary,discovery,GVPA_000067
GVPA_000370,WP_327267354.1,2837e304af042491c7ac5fc842c05ea1e6f8b4a72f2b51f44ca0fe01a57476e1,152,primary,discovery,GVPA_000162
GVPA_000371,WP_404115175.1,6604daa65ab60596b4c360566926813269ef260f46d3aa9ce7af7448025bf0b2,152,primary,discovery,GVPA_000005
GVPA_000373,WP_403794160.1,4a2e75abc8b767ab0560769f33dbaa5a2a2028fbfdbf85ea3b99003bf409dc45,152,primary,discovery,GVPA_000005
GVPA_000374,WP_363076862.1,d3af4a84028ae0c4e1361ec97a9fc412f381ef9a4442528bbb4773bf4c41b809,152,primary,discovery,GVPA_000036
GVPA_000376,WP_401194514.1,8c1bdd334e09620ba5a65b68111b1c18be8f9f9c312de00cbd54031cefdc12d1,152,primary,discovery,GVPA_000117
GVPA_000378,WP_362215710.1,1c3a440bd992c0db5b74b9e55bdd68dfb8ed47e55220fb663b910b5591659082,152,primary,discovery,GVPA_000070
GVPA_000380,WP_389071654.1,918aa43416f08647179269b22de0f1c3f2271d0149f2660cbeaa837686bf2c7c,152,primary,discovery,GVPA_000070
GVPA_000381,WP_388267153.1,dd7b62cda499ed0ae46f79fff85fe7c4a63e24366e0c501dd7471c3143184803,152,primary,discovery,GVPA_000161
GVPA_000384,WP_384389879.1,edb6163bb419f9d9e4d50f269e9a806592d519310a1cf5f2bdc17369db8a6773,152,primary,discovery,GVPA_000384
GVPA_000387,WP_381809161.1,eb62631dd3bcc3dfa7eb33db320415c84acf928ae9b3a900368a9ed5394e7702,152,primary,discovery,GVPA_000070
GVPA_000388,WP_381348631.1,f2aaef5ba67f8ef42665ee032c3e6e799fb28822b61f835f0c9a7b9c0aea01b0,152,primary,discovery,GVPA_000064
GVPA_000389,WP_380482877.1,c490296b4fc5c4967ed1351adafa7931a2b891c91601e5b08e31097d0581d27c,152,primary,discovery,GVPA_000215
GVPA_000390,WP_361317156.1,40958a43efbc27ddf0730f1c5eb3288d2a0600612f67ea7e30cf582795063e4a,152,primary,discovery,GVPA_000013
GVPA_000391,WP_365716079.1,62b2410f4fe0839e7e331771798cbe736a5413a26de4fe79b9b6d5b973dfb59f,152,primary,discovery,GVPA_000179
GVPA_000392,WP_365629644.1,0ae825f1ef3eda025d9e1e0a06b93079d3759d43aa6446dac6b63c3ecb99d7b2,152,primary,discovery,GVPA_000070
GVPA_000393,WP_364843037.1,5226a7ac15ac48449a8c1b55ff090b508caeb2810502ace4bc24df152f37762d,152,primary,discovery,GVPA_000013
GVPA_000394,WP_364833481.1,a4ec6312d2fdacfcb40a2c06ef3ec7d5deb515754b5b2ad45816ecc421f962f3,152,primary,discovery,GVPA_000170
GVPA_000396,WP_356317541.1,310683f92c046c67e9eff5df7b84b6637aa559260a9fdfa592ee6219ef8473b7,152,primary,discovery,GVPA_000002
GVPA_000397,WP_360791748.1,613774adf1e96774538c25772c9088e09dfe95255aec3a8084f45e8b99eafcc1,152,primary,discovery,GVPA_000179
GVPA_000399,WP_351412505.1,ca37c1142b22de42e8944696e96846783fc32cce13716f2b04d2bc33ff82fd54,152,primary,discovery,GVPA_000031
GVPA_000401,WP_329871459.1,1ac14d3c6e53f4161c96020a90fb960d41026a839b684df4d7371d27bbf5ca98,152,primary,discovery,GVPA_000070
GVPA_000405,WP_222967428.1,dd4573b1a928d4a5dcee600be410c12bff572a335a4cc2d1136045ac200ce44d,152,primary,discovery,GVPA_000405
GVPA_000407,WP_179174612.1,3945e101d4424976c7c7e5b1ae51de3918e383825cfe8615d57d9c1483cdcd1a,152,primary,discovery,GVPA_000407
GVPA_000408,WP_070012365.1,3323861da25f2a2b10240e03a5862c51f0c5a18c51f80bff1254dc450c04c1b7,152,primary,discovery,GVPA_000262
GVPA_000409,WP_069573671.1,c2c00702bdcf0983c16f3b795b916dfd1b8bad587ab0b1126e835a35e466de07,152,primary,discovery,GVPA_000013
GVPA_000410,WP_059008638.1,1e442ae852e7f72dc35361721a51833447a2f66325d30a0187a8c8906d8aeb70,152,primary,discovery,GVPA_000078
GVPA_000411,WP_030691490.1,e0cadcfc42de1dd2001718c677c5e7a7b2315f7d454cb2f9c78dd461968ef5ea,152,primary,discovery,GVPA_000273
GVPA_000417,KAF4407174.1,e19df0cd34430fbd0b7d84f2f34f970ae2615f968e87d1ebc886d48c1cce6ec8,151,primary,discovery,GVPA_000417
GVPA_000420,QBJ93480.1,937e6cced70812d084a9b7fe9f2db2c6a68ac745db25fbc91e466855767193b2,151,primary,discovery,GVPA_000420
GVPA_000421,WP_453895833.1,c782bd00be927fc4f5a0620ee5b814e394989a00d02d435164687bc2517ca112,151,primary,discovery,GVPA_000042
GVPA_000422,WP_453801141.1,b9e47c3a2081b05dd2018936b7bcbe3b3937a14c87a61308f9a5ce349a4a7fd1,151,primary,discovery,GVPA_000036
GVPA_000424,WP_451235344.1,29fba7eb04d5b617feef7e1c99926642e0932ea9a5d09b0f85f3ee61e0b16fdc,151,primary,discovery,GVPA_000424
GVPA_000425,WP_440575827.1,2c23f10760c0a6c4f470e8c3e839b306325085bab85048d2c67ca155cad30eb7,151,primary,discovery,GVPA_000425
GVPA_000426,WP_440305616.1,d80a7a42ec8caafce09c287498e92242dccf194015b257895e07b470d8f21b12,151,primary,discovery,GVPA_000426
GVPA_000432,WP_401600069.1,b78009d5fa8f8d199cf077a4ecceea5869e87aae2d556b5da99c93fa026aa53a,151,primary,discovery,GVPA_000227
GVPA_000434,WP_360996955.1,f419b7b5d770947b5e49d9c4fd5815a6377d0fc80829179585e121ff6ad982cb,151,primary,discovery,GVPA_000005
GVPA_000435,WP_397782258.1,b03f360f2296734a1dac18294d27896cc492c5872017ac518349973d4c80deca,151,primary,discovery,GVPA_000013
GVPA_000436,WP_396316213.1,69aa2bf04f183f66e35f12b1d89a34622c1275f56754abbc7a2a8ff5f346f83c,151,primary,discovery,GVPA_000215
GVPA_000440,WP_393491231.1,e03144e621c53176ae35b5c3cf01fa043cd34521959861f5f9e6eb958345fa55,151,primary,discovery,GVPA_000440
GVPA_000442,WP_388862793.1,8a2583e3f14deed882a5802cf84f01cf7940d613ea6ac931146936a66132985c,151,primary,discovery,GVPA_000005
GVPA_000443,WP_361891246.1,b903eea624c864f321976d99078dd501e4f4097353f70e2bb88fcf098dbd9489,151,primary,discovery,GVPA_000036
GVPA_000444,WP_387387154.1,ef78919d341bbf38234476c1baec9e78e517e6a7ff683d1f576f86460a287288,151,primary,discovery,GVPA_000425
GVPA_000446,WP_371577947.1,96470c5b5dc9dc19e405dabfa5e8b86dc83b2a017d6fedb88c3f34135b034ccc,151,primary,discovery,GVPA_000031
GVPA_000447,WP_368433843.1,a8eefc529f0782abf5eae5642d21e67d2f14c13abd74dd861d2959e4da882a1e,151,primary,discovery,GVPA_000170
GVPA_000448,WP_367825264.1,bec1636040042f46938e7c968e618f7f039abe478abcabdb2b65ed13847ce87b,151,primary,discovery,GVPA_000017
GVPA_000450,WP_366798143.1,ea8a07aa69d9d7c67a5effbfe917d637c5d483ae786b61a6b54d8a4ff720555a,151,primary,discovery,GVPA_000002
GVPA_000451,WP_366072145.1,3de2eeff60204ea4604b07a3bb196fcacf4d015e108bb7699651707445b136f8,151,primary,discovery,GVPA_000451
GVPA_000453,WP_361975833.1,4f88e8e65731bd660b2eb09c45b251030d62717c01e2e92ddea9e54cc2af4d3a,151,primary,discovery,GVPA_000070
GVPA_000454,WP_358684194.1,5985d92e97c4b9508c92aebbdb3b029eb08a764100b8846bdfed4cb7a39196c3,151,primary,discovery,GVPA_000005
GVPA_000457,WP_327732141.1,f5f81ddda6a5672e11b073c477e4266189c1090421d38897b55c94e9412f7bb7,151,primary,discovery,GVPA_000031
GVPA_000458,WP_329500530.1,f78c870f97f0f31ab79287180dc68a4c3b9f7bcaf0613b4cbb1659e9e6513797,151,primary,discovery,GVPA_000215
GVPA_000459,WP_033532779.1,15754e1ff072cc9c73f4c39c84d6633461b80d785a84ec4883877a92f4f8f1f5,151,primary,discovery,GVPA_000031
GVPA_000461,WP_225661569.1,c440ecebee925043267061d5d837f7021dc18cbb8e4ba8b233ab8ffc0516ade1,151,primary,discovery,GVPA_000170
GVPA_000462,WP_257569534.1,ca7bac115a0d3eb9468c167d0bef188bf6cc32064f37cb487e3a806eca61da91,151,primary,discovery,GVPA_000031
GVPA_000463,WP_223731853.1,99608ab23a6e42fde4a93f927c367ac89a418bcf059bd1aa77b6a5d4f33ca196,151,primary,discovery,GVPA_000425
GVPA_000464,WP_188308797.1,cff3c9b9b29d830388f4d4d2a856717c13238d07f652065cd7f9664b821582c0,151,primary,discovery,GVPA_000215
GVPA_000466,WP_033209150.1,9d594937f046b27a5fdda31801ca56f6d4a75d882fb2e582ac618ec781fbeb96,151,primary,discovery,GVPA_000017
GVPA_000467,QTU67326.1,212e64a237d4a079544830060e000d685d6029e03106706bde492d8fbf216b5f,150,primary,discovery,GVPA_000031
GVPA_000470,WSZ94419.1,65c51b0fd105cce694eed49b439146435ebb1a08266d1e0993f7209e52213395,150,primary,discovery,GVPA_000470
GVPA_000472,QNE82484.1,077971ee79d87e95a30c0c9c674de7f778dacad6f7d3a775fb694c7ddb95743f,150,primary,discovery,GVPA_000005
GVPA_000474,TJZ59069.1,1736f4bae6499ea2aeee5036af25837b3c13ebc80871a40b3df655c4589c601b,150,primary,discovery,GVPA_000474
GVPA_000475,THA77128.1,4336bc0c53ed92e54f618f64db48c1f0eb3ee2dc8508812f3e2e7326a56a54b6,150,primary,discovery,GVPA_000002
GVPA_000478,RXS68425.1,678bfcd31509d2747b52eb1277f8e518ae433e9a9f7e3977a8010ddb1cec2daa,150,primary,discovery,GVPA_000013
GVPA_000481,WP_454421882.1,ee85f05897bec3a9f9c5f5fcc522c8cf2ec8f2d1f2a541b5eff851b7f0c2aed1,150,primary,discovery,GVPA_000227
GVPA_000483,WP_452742389.1,e80fef9c9e1ac42bc3966c5c87f6787b96f10e2fa414788d93ed558633a88f8d,150,primary,discovery,GVPA_000420
GVPA_000484,WP_345749207.1,5e39df793a5da140e1e779affcafe311ec7135c380e021f334c9e58d8788b42f,150,primary,discovery,GVPA_000484
GVPA_000485,WP_451752476.1,693a90868831d0c4c7755c533c29e10a4790d1f7a57ffe34eac56a99a8fe3063,150,primary,discovery,GVPA_000036
GVPA_000488,WP_451275767.1,59d4ca9e00f45c1f88baea94dc55e8ea387dd4ebf43176bc1b0f3777f8ffd269,150,primary,discovery,GVPA_000031
GVPA_000489,WP_450673281.1,73fa5f3545fc4537c6251b899f514cf192b89482a82d8973aeb1a75e4fda737c,150,primary,discovery,GVPA_000489
GVPA_000490,WP_435972947.1,f77f7b7ef0229e952dd279c19ffddc360b76f688e426d2ac0cc658fb437184cf,150,primary,discovery,GVPA_000015
GVPA_000491,WP_434028195.1,e831bd9f71d4604795ee583e2aba1cc34fed4023c1b4aa4d91399858691c9765,150,primary,discovery,GVPA_000491
GVPA_000493,WP_398974291.1,2420412a0e1e61bcabd651a13389f4bdb87607ee6f0c18595acc63fadc0fcafa,150,primary,discovery,GVPA_000005
GVPA_000494,WP_398467874.1,1169f3127af2ea8374e010a975d1fcc0e1eb99e80ec8c1cb7b4a2f081967ed3e,150,primary,discovery,GVPA_000494
GVPA_000495,WP_393598024.1,41a543aca70b95f1ca9f07331505bd8aeccae36dce9f2021a3613b99d36bba51,150,primary,discovery,GVPA_000420
GVPA_000498,WP_388830545.1,5bb1843d773690e677bee5eb55bcc6d5805429da54e8a4429456788518e3cfa9,150,primary,discovery,GVPA_000005
GVPA_000499,WP_390858110.1,c5a84ae15ec3bc11bdf7046e782f174777248b71e7b0c22f75230bf72811450e,150,primary,discovery,GVPA_000489
GVPA_000501,WP_389195143.1,1d77e32f3a77318953f7af44f5b49a41810102ec607bb3e59cc2fa14910ac749,150,primary,discovery,GVPA_000005
GVPA_000502,WP_389043037.1,bf00583d8cf5d39febc5bd34a59ab94e79838b3d13e81e9ad8948559f179decb,150,primary,discovery,GVPA_000502
GVPA_000503,WP_385213422.1,e39f14b10b7cd2389a0c2fe3cdd52d4887a8604836aa1a136b864c80a6ef9bf1,150,primary,discovery,GVPA_000503
GVPA_000504,WP_383184215.1,e04119fea3a926fadb1ddd7a35e2a327bb253f447df41c1e90b00caf2c7af89f,150,primary,discovery,GVPA_000005
GVPA_000505,WP_386719402.1,5569cb1a56e5c4f2907b82a2bd5846b6f83d4fd264a1a475cd24142fd5372dc9,150,primary,discovery,GVPA_000050
GVPA_000506,WP_385431561.1,73e1f7a84b9ebb20807c02fd744e7b4674991c37d82178670e26085b010eff1e,150,primary,discovery,GVPA_000407
GVPA_000509,WP_381070787.1,f41db1551d2d9034980af078d0bff04060c30bafe79bdc5c48ba0e6470838a12,150,primary,discovery,GVPA_000420
GVPA_000510,WP_371483565.1,bb9c14ebd04c23651ba04d13d66ee519c6a038bba023b3bb3dc5c8a3376e1883,150,primary,discovery,GVPA_000215
GVPA_000511,WP_361170920.1,c04485383c14aa5b43feb2d25f4a3497bd9fa00a5fa612783639c47263d8a478,150,primary,discovery,GVPA_000015
GVPA_000512,WP_359082111.1,20a665686f1551abb857da8b80e527ae69485e7a5e83bbecbd5261ddc8ba1405,150,primary,discovery,GVPA_000101
GVPA_000516,WP_361783374.1,b369817d1d6c4eabd9c7beda672d4c490e216039784392c707318045b049ed1e,150,primary,discovery,GVPA_000516
GVPA_000517,WP_336054559.1,4675989d847eeb3e41eb41aeda6ad8ffcd516129c81c980249c2850234028a99,150,primary,discovery,GVPA_000227
GVPA_000518,WP_358914875.1,3edfaf2b213399576bc0ac82d522a818eb2bd79220776296225b4899d27432f7,150,primary,discovery,GVPA_000227
GVPA_000519,WP_352252652.1,2a22cd65551f9960e7bf361f49c81ebc75bf19ec5fd8a09cef91406f371a07b4,150,primary,discovery,GVPA_000519
GVPA_000520,WP_347585553.1,b21a6462ad5e1064571d847ca9289b1221e495ba7cb831a1911a3464629c7775,150,primary,discovery,GVPA_000520
GVPA_000521,WP_030308189.1,d5b9ac805d9a1bdb247ee7fd705a033f254ae762a258045dc610c5a59599921d,150,primary,discovery,GVPA_000005
GVPA_000524,WP_055512150.1,6a7e3031332a9aaacd8d534db848e8db0abbe626950d0c5637aa06ec1dc81674,150,primary,discovery,GVPA_000524
GVPA_000525,WP_215179381.1,d210dd4d9a8065e7bf9dad90289041660f974fb5a5e6458d0af201c8f3df69e9,150,primary,discovery,GVPA_000050
GVPA_000528,WP_189544599.1,f4d883cdbb61b8f24b42686ac69e6e907637cfc4f0f13dd00ab6d4c3c6eec96f,150,primary,discovery,GVPA_000528
GVPA_000531,WP_181765116.1,4602aaa45bae9f427b4e307dca11c7dc451196809b6fdd334b3dbde24705a565,150,primary,discovery,GVPA_000262
GVPA_000532,WP_129297531.1,9e34f4ef0c2a86bcbb6845bb521751cb73a7f5900a52469f638d2691a5f9503e,150,primary,discovery,GVPA_000032
GVPA_000534,WP_055488127.1,758a70f9a7f0f2471d1f0d2c2d03512e9b4bb50b4f18d5852e9cb63f5936a2a5,150,primary,discovery,GVPA_000262
GVPA_000535,WP_031060978.1,f7d65e8cfdee1c6704ed5237387f95f603dd22c6b41e5b77029cd3de36b8a98f,150,primary,discovery,GVPA_000425
GVPA_000536,WP_006607248.1,607f1c58eefa1b91956526aa34ae0af04a59d2dba283b0020e2b6b95c0916a48,150,primary,discovery,GVPA_000032
GVPA_000539,QPP09651.1,d1717d58239a48d6df6a814099de9a54fbd7f0234f2930a239e86e408e1361ae,149,primary,discovery,GVPA_000262
GVPA_000545,WP_453270062.1,5530b07515c546b8ce20a8df5ced2a8d78f08a7d577ceeb4c68e387d0a875d75,149,primary,discovery,GVPA_000227
GVPA_000547,WP_192760912.1,ea3f27995cfc6ebbc6887ca716e21e98007572e4dd58dc546b0e91571e58a2ad,149,primary,discovery,GVPA_000306
GVPA_000548,WP_168113178.1,e252c128608f70a180afce2dd3c22ca5abe531f1ccd4edc6fe7a0136499c63b0,149,primary,discovery,GVPA_000548
GVPA_000549,WP_426632767.1,00c1f9bf637f6accea2941b086c03207ab752b50e970458d13fba4963e49a6d9,149,primary,discovery,GVPA_000548
GVPA_000551,WP_329224868.1,4b0535174d2b46fa7e2d472c356732d784f0465838c2bda43398ff6a33d0cf33,149,primary,discovery,GVPA_000551
GVPA_000553,WP_403355812.1,f07e4860b65920a4eae5a3a09688d80aa3ca7da3e55c83597f1226099b363525,149,primary,discovery,GVPA_000482
GVPA_000554,WP_398011812.1,abacfe43e0022d4c3b698f2e06375073c109fdac2ade9e889c220bf23d43a27f,149,primary,discovery,GVPA_000554
GVPA_000555,WP_396486421.1,07138f35026918d8fdc66f41e43467ead75e87743284b4bcd148b4e8fe3c649f,149,primary,discovery,GVPA_000555
GVPA_000556,WP_365282060.1,a907b4259b07f018470f8bea073bad09a0edede9298a0aedfedfee0778e42509,149,primary,discovery,GVPA_000424
GVPA_000557,WP_399342278.1,23c53d42d2523b4b776462333dc741603aa2ab1c49bda89070edc1dbb25871f7,149,primary,discovery,GVPA_000557
GVPA_000560,WP_388374540.1,8ddfe152f0e8f0122b8fca56b4bbc5df426595581181ab1d9a0972ee5e83ba63,149,primary,discovery,GVPA_000067
GVPA_000561,WP_387627007.1,65d1f53c012b7f106ca875c0ee89ef6d320f5a16378ab835e34235b6c733cf73,149,primary,discovery,GVPA_000215
GVPA_000563,WP_386212316.1,b962fa633970ed9ede5bc58483a491e74ceae3bb682eb15af972b4e5501cfbf6,149,primary,discovery,GVPA_000013
GVPA_000564,WP_385685617.1,9acfaf8d57a74e3a45977727d2b4100660d211e371324898817b73f4ac4f8d95,149,primary,discovery,GVPA_000207
GVPA_000565,WP_383104627.1,5fd3b1c9270aa0ecfb020aab0e0ab888bcd14f6648496968d63c2f8043df1187,149,primary,discovery,GVPA_000228
GVPA_000568,WP_363255044.1,d7ae4ef5b22244b791aaf60cdb54b708c91d392a33e72cb8ccef89b7870b87c5,149,primary,discovery,GVPA_000350
GVPA_000570,WP_360176276.1,b9564e9a832b242dc3a619693b13cf1fb11ffedae8499eacb162e81050159cdf,149,primary,discovery,GVPA_000271
GVPA_000571,WP_356180577.1,9ea3704e24a24ac9c8630d2dc5a01c83356d1212f37027a56af64682a7847968,149,primary,discovery,GVPA_000571
GVPA_000572,WP_351456663.1,245961d755e30877d7d55d4cc4c0b8a4babf6151934f4c375749f5c95950388f,149,primary,discovery,GVPA_000551
GVPA_000574,WP_330139064.1,4d3692f25f3376f4d0fd93245b6f64d496c3b15f3dce9f6f25f8196861a806d0,149,primary,discovery,GVPA_000417
GVPA_000575,WP_326610732.1,6df16da018b30aded3f2af58e4ffa4a0ee9a6d1cb0dcf17742ed57c7f46da4c6,149,primary,discovery,GVPA_000228
GVPA_000576,WP_320438729.1,7077e78a5f8bf31e7f78900884886e8b65bb60b4bf27b888c15882cff3c6d1ea,149,primary,discovery,GVPA_000215
GVPA_000577,WP_319679765.1,200598b3fef748aa7cd86226b1479c393793ddbb7a50ac9e4071007de96ca934,149,primary,discovery,GVPA_000271
GVPA_000578,WP_242586180.1,1c4bcb00cba95f4319083581a22d2de8bec8bc99570f1fb485b96d998477aecf,149,primary,discovery,GVPA_000578
GVPA_000579,WP_260227501.1,2150b2c08ad28b3660500c098b16abe49f9b900be226973ef91754ffaf60e1b9,149,primary,discovery,GVPA_000420
GVPA_000580,WP_260215557.1,cbcc0162396795fa0481373e8134601576a31d280023550fe987e3560700e694,149,primary,discovery,GVPA_000580
GVPA_000585,WP_010982036.1,02cc978f2fb98c9d66554fcde111c347ee10122dd80b74e371ec65096b2c1166,149,primary,discovery,GVPA_000482
GVPA_000586,WP_111667945.1,a0affadccde176c1b7229a9a7277a349bc2d43f4952bbf6682e15bee46393890,149,primary,discovery,GVPA_000551
GVPA_000587,WP_093787271.1,090538311041765caca8def7ac8a444022381f740339a19931aa462a3ce4bcfd,149,primary,discovery,GVPA_000587
GVPA_000588,WP_067044966.1,4da3ec390abbbf7a10e87687d5d916ff343d12ec4fd280c29ce0738b26a6838c,149,primary,discovery,GVPA_000207
GVPA_000595,WP_455360416.1,c65614ecf5aaea6315df0989254f85f7fbd70a73113f84799ff152064516d45c,148,primary,discovery,GVPA_000595
GVPA_000596,WP_453351266.1,cac9f197ba9be0b38057496432f5bc590927b37e8e59db8ed61427382859b62e,148,primary,discovery,GVPA_000417
GVPA_000599,WP_451387108.1,33332faa8fd931992fb9918c3c4b6a519d2fd62a48a51d89e568c3e54dde46ab,148,primary,discovery,GVPA_000489
GVPA_000600,WP_443236725.1,7f3fd33037a92a6445e1ab2daafa96d3196bb01d960331c99a90fd595880fe53,148,primary,discovery,GVPA_000424
GVPA_000601,WP_430980025.1,72dae5bc02e061a98da989b3d6633d6a553ce20bbcfb9ddddb5f8c7ed1175a35,148,primary,discovery,GVPA_000440
GVPA_000602,WP_391343143.1,72fb42e837ed957ad291f699e3e00428f3e189920fc049ba039aa95bb72ccf84,148,primary,discovery,GVPA_000602
GVPA_000603,WP_405667626.1,9886f875dc8e4766927fcdb7c185fe74d87079402416e6b7678d87e624a52c4b,148,primary,discovery,GVPA_000036
GVPA_000604,WP_405009245.1,29eec1bc11cfd8e89332bd31e9736171497e60f4a7e23f3c7372ff9879ced8e5,148,primary,discovery,GVPA_000334
GVPA_000605,WP_403822820.1,e1622e6c26182a1eff24d463e08a77f10d748ad17a64f6dfbda07553dcde46a5,148,primary,discovery,GVPA_000502
GVPA_000609,WP_399781947.1,ebfe2c27588d504fd262054324cab3e6bee9fc2bd0081f4ec542171b72ca5f0e,148,primary,discovery,GVPA_000425
GVPA_000610,WP_399753594.1,a4b81e88ae8158f659c148d294bc6a1cd3d6692ea62c6e1d913115ac4a06fd82,148,primary,discovery,GVPA_000420
GVPA_000611,WP_398523422.1,7c605ee7f55051251bc3860873b7e953d677a37a810203cd117b1cb0efc37f0b,148,primary,discovery,GVPA_000595
GVPA_000612,WP_396607067.1,1e1e2d154ac3fc66b8369c97e91c2660b3590649f96dd2b6bdd67ded6d92aae9,148,primary,discovery,GVPA_000215
GVPA_000614,WP_355170259.1,68b557d3ba838d97af7e2e0e0d989aa5bf90b30713049a3690875c58d907c128,148,primary,discovery,GVPA_000614
GVPA_000618,WP_383113826.1,20988646ab54727ae78c6bcebf0a7de4e65822b02a500753c8560f891d72d261,148,primary,discovery,GVPA_000036
GVPA_000619,WP_390813085.1,db8cc43032913468052f529aad649fc748bf879a854aaa1530227e405a01a07f,148,primary,discovery,GVPA_000203
GVPA_000620,WP_387207974.1,4a862e4c2cff24b66fed0e0e242ff94c81430d7695ea31d2283ee6a429e96872,148,primary,discovery,GVPA_000551
GVPA_000622,WP_381826308.1,106108bf4515e0b4fbae0379d3cb7b829ae2e5521176d48fc534157f4b809bd4,148,primary,discovery,GVPA_000622
GVPA_000623,WP_371502839.1,f78480edb1a7bc5c2b21acf2b90bd55e9e71b434d306eff9545ecb421c28d1f6,148,primary,discovery,GVPA_000334
GVPA_000624,WP_365853130.1,6a8d561ea90150436386cc4d769d8ad5669ad82a8b88785ca09be95e22b88ca9,148,primary,discovery,GVPA_000227
GVPA_000625,WP_361940898.1,ae528c5133e977fd02a98fb9f6d79497e43b02139b60f078a7938090457abd2a,148,primary,discovery,GVPA_000384
GVPA_000626,WP_366076579.1,25706cfa9c748a9e8d2d1751220b0d7728ee92cd9204c60a9986837978bd523e,148,primary,discovery,GVPA_000482
GVPA_000629,WP_360843240.1,0f92e70290bcde768062837a1d6ed9a7e0309937f5140b88e0e0384dad159918,148,primary,discovery,GVPA_000207
GVPA_000630,WP_351235347.1,3ef13dc9a4c9d586081cd9c81932207a40a35540b4d636f8226fd999b74af50c,148,primary,discovery,GVPA_000489
GVPA_000631,WP_344594096.1,8fa5fb6eea351edf6fc37d36bbb0eb9693228083a96e1a931efbd104a8c10744,148,primary,discovery,GVPA_000631
GVPA_000633,WP_325744829.1,5cc2d4a8c35a4300a59aacc12a16fcfda014a00a3a374fb94911893d252e821c,148,primary,discovery,GVPA_000425
GVPA_000634,WP_314173152.1,a77867e71b53ca0640c046c1064e09016f3472ea294edaabb5c3a48c96da4c81,148,primary,discovery,GVPA_000262
GVPA_000635,WP_168538659.1,883cccaf0784bd564d376667f21ad08641c6646f096e77ddb21c46405610164a,148,primary,discovery,GVPA_000328
GVPA_000636,WP_266686309.1,f5dd76464c4f27156e007e21b950ddce1b9f2bfbf710dcd3c419686095a0b99f,148,primary,discovery,GVPA_000595
GVPA_000637,WP_014141715.1,04138d7b1ae3861accaa7259434aaca50cb78b46fa313557024990603ef7884a,148,primary,discovery,GVPA_000637
GVPA_000640,WP_168101950.1,6e837cfef8127e3947af9df2d511a3d22995a1c7f0dd66a3ff83226da212ed0f,148,primary,discovery,GVPA_000554
GVPA_000642,WP_042414855.1,03ee885830519b1e0e542c9e8a640825b7a783ce9c4eed3f79780c46508f104b,148,primary,discovery,GVPA_000334
GVPA_000643,WP_040026425.1,5ac832db9e275a28d3ab62ca27e63c207bd5b3ed677e7543d1d01d3afdfa60b7,148,primary,discovery,GVPA_000227
GVPA_000644,WP_033825618.1,c72fe5b7a3369f813cd765bb892d4eb85c2fa3335619b12e9182f783384e428e,148,primary,discovery,GVPA_000555
GVPA_000651,QIY53870.1,b2af25c848ca194ef4db0e1fa1fcaf0705de773f6a57d20dcd724c0109fb2314,147,primary,discovery,GVPA_000227
GVPA_000652,QIP73706.1,a3e1c24bbf96ad3d666d69572d440eabb50fa6013596997ae6fe2c358346adeb,147,primary,discovery,GVPA_000595
GVPA_000653,QEV03380.1,bd1177822272e0c701002c73f107105ab41b21290b320312534d7eb13de11b3b,147,primary,discovery,GVPA_000215
GVPA_000654,WP_454375893.1,5f7b1e80ca460e1065726177068d70fb797781b53f14dc298f9942fd33a4e8f6,147,primary,discovery,GVPA_000050
GVPA_000655,WP_453262050.1,b7afea759931f3b46b33472cdf552512e3782927118978559cfe86fbc7462223,147,primary,discovery,GVPA_000032
GVPA_000656,WP_452806603.1,d740bc1706c53c98dce7a62d685fbcedd1d3b10341441787fa84c6dcfe878d52,147,primary,discovery,GVPA_000656
GVPA_000658,WP_451990262.1,aa345ca42372d57fa47951e92868848284e8d76ab2ff9596e6a8211073b114e3,147,primary,discovery,GVPA_000658
GVPA_000661,WP_450465209.1,99b0c0d3267a55f811e83922107223302a9c5010c04e476d5069f347b579b3f8,147,primary,discovery,GVPA_000420
GVPA_000662,WP_363453790.1,4fc83bc86e53b0887e326a7fc0c6a677ec8f0e3e40df16a51ebfdc0fdb349cd7,147,primary,discovery,GVPA_000215
GVPA_000663,WP_106582734.1,41c9a101726beef5046fe5b39df5b74897c1ab137d189b56e56d992372154bf6,147,primary,discovery,GVPA_000663
GVPA_000665,WP_431683315.1,c994c97f00e42c88616860d40ff7b175b4507a05ad049f4076378e9f1c0d827b,147,primary,discovery,GVPA_000334
GVPA_000666,WP_431683161.1,d7df3e1c8ffef9aa6a638ef2d0c0eca22b48426a2b30edc5c0681103891fa93a,147,primary,discovery,GVPA_000628
GVPA_000668,WP_420492976.1,970213b022be5a248088f4f82994784af068dfb766a7887592eb20d31ab79059,147,primary,discovery,GVPA_000215
GVPA_000669,WP_391134858.1,3c7f4ce5cc1410225a01634d2b4aa0f01f700d11cbf7693eb890a0fb31fac0fb,147,primary,discovery,GVPA_000227
GVPA_000670,WP_401468755.1,925b9df1e7f5e8e24de771e8ec894acf532dc8a93253c2a55d0b5d39c47f9424,147,primary,discovery,GVPA_000227
GVPA_000671,WP_399814032.1,c8146b8994dca787025afb0b88541e437e88abc4fd2884994929574cb287b2a7,147,primary,discovery,GVPA_000516
GVPA_000672,WP_399778956.1,962175a3c691e06c6e5519754f611b48ce21be9dcc97970a576f5a3f491001ec,147,primary,discovery,GVPA_000350
GVPA_000677,WP_384802233.1,fd0a229a361e5f15b81c17c5953531b0a00a0fdf249e96206db94ffc80dbc88c,147,primary,discovery,GVPA_000622
GVPA_000679,WP_361896397.1,b74dccc152eee662990092517e3511706896aca291744cb8c96f9993db5ffdfc,147,primary,discovery,GVPA_000005
GVPA_000680,WP_384772395.1,6f85896707af40e013064e87a19485db5678dd944158b6ff9dbc8d222f664cbd,147,primary,discovery,GVPA_000680
GVPA_000682,WP_378328132.1,ee8d65fb53bfefc7b5fb6b47c3d422ea1f86f9bcc930b9a4013988974f18f9b3,147,primary,discovery,GVPA_000682
GVPA_000683,WP_381850620.1,a9243053ea8954ca2691a30d331c8797ec64cbfa7c3f3fb16ffc4716ab299a0d,147,primary,discovery,GVPA_000227
GVPA_000686,WP_376043239.1,b09b5236c208a25e1441605fac42ab91ef93f1ef513a7ea820259a63b4bce025,147,primary,discovery,GVPA_000215
GVPA_000687,WP_365704934.1,1e01c4661eb5faf28f4591d48508375a8f68a5753cb0af8ad718d63b52f6318a,147,primary,discovery,GVPA_000207
GVPA_000688,WP_363488157.1,97c566331e3ad64f0b2312f57ac9cf2b26f46d8f8486a8101c245aed34df2900,147,primary,discovery,GVPA_000628
GVPA_000689,WP_363227613.1,5a7b07e94817137c5e537141196f5a0d7faa91e3251671c470d532719dd2fcd9,147,primary,discovery,GVPA_000622
GVPA_000691,WP_352189798.1,73e64381d7fecf27a98e8ce6b4d0a3a08ce5eb689fa4dd68f310ac65aced4af3,147,primary,discovery,GVPA_000005
GVPA_000692,WP_351244467.1,01524e0489d6bafeebe232f467308b9664d1a885083b1cd344c4dbf34c8dd634,147,primary,discovery,GVPA_000595
GVPA_000693,WP_346142175.1,b9a18c7f3fdbb5566b3f528ebb621fb1054d97c099d1ca2d17565502955a7250,147,primary,discovery,GVPA_000215
GVPA_000694,WP_345386490.1,cad35c7ff1e2f37a97c5987096c2f31eff2ad2d751d88b2f43b12b1c682dd74f,147,primary,discovery,GVPA_000682
GVPA_000696,WP_307016062.1,701601fc416d666d093e9b9d9efa602e1225b3b38fe8134ebf03cd19c3d36f75,147,primary,discovery,GVPA_000554
GVPA_000697,WP_306316361.1,a45e3dca698ae3bb629c750fc4c52453dff195c9db0067b38e7e909fc51fd09b,147,primary,discovery,GVPA_000384
GVPA_000698,WP_281621854.1,30ebf5037c35ed052253ba83239d4f1eeb67ebe08ca31413891b9939948159af,147,primary,discovery,GVPA_000647
GVPA_000703,WP_189035972.1,94f2009a25e75a86ece8e11ec45c5ab7d44db6e3bf1703d6168fa0295a0d31b5,147,primary,discovery,GVPA_000262
GVPA_000704,WP_184781139.1,b24883fa62f7ad7bf06301c041bde255391fd2ff092d423fbcf35075591303a9,147,primary,discovery,GVPA_000658
GVPA_000705,WP_174315571.1,487a98ec8036a079d01a78f68c7810d0b6050eaf6be03fdce99ca48c312fb579,147,primary,discovery,GVPA_000215
GVPA_000710,WP_030936873.1,7fa40dd0ed9660be04bf81ab95e355ac752ab864db6ac89571264530b1c197c8,147,primary,discovery,GVPA_000554
GVPA_000711,WP_030880646.1,147828f6b37791c3200fdfc9b76452e4fb63b9a10ef30e884ee62c15a95c9a46,147,primary,discovery,GVPA_000622
GVPA_000717,QEU70781.1,71f1d37f8eb166a9bbaf390093464ed4fb3bdf9fb276c825c7f4b7c9077be12c,146,primary,discovery,GVPA_000005
GVPA_000720,WP_453725836.1,2794f1b4a2105d26dd96a8a2b0d05707743f79c65d7877f35f365189bc149697,146,primary,discovery,GVPA_000420
GVPA_000721,WP_388916175.1,3acf71fc8c0e668ce449c007db2cb8ba829a066b1e4f3b9c0786f832e0f1cfb3,146,primary,discovery,GVPA_000207
GVPA_000722,WP_452074065.1,1f51f7f8159faa2559e272f8f8af7c8de7fdce7ec09c0be3feebb2196d50d5e7,146,primary,discovery,GVPA_000658
GVPA_000724,WP_451442105.1,f92d3bc9ec7dc6f88199c4c4aad705166668464a7324b635c6002e429f77285e,146,primary,discovery,GVPA_000474
GVPA_000726,WP_383780668.1,cf04f4a631559486710a4c15961893f3800430fe98fdffb5fe606e0ff5d96c09,146,primary,discovery,GVPA_000420
GVPA_000729,WP_407914616.1,69bf22e621a7d51b21653a1cdf853a64b334d7859d469135d8a4bc4fb81cd0c3,146,primary,discovery,GVPA_000215
GVPA_000732,WP_403829823.1,83687e9aab116050978fa3972e6182c84acbe924473e80d43ef13ab362c1198e,146,primary,discovery,GVPA_000424
GVPA_000735,WP_399097796.1,c8c03f5ff6ab821d1211944386c42848ed9e919585865ae2b963ea4a5a9efff7,146,primary,discovery,GVPA_000424
GVPA_000736,WP_217452899.1,b35f60b859d7824fd03bf37d32a16932277ef0fe6805248269a36ec978700b46,146,primary,discovery,GVPA_000524
GVPA_000737,WP_331741363.1,e0c0b6ef3bf06bfcfc477252cc450ac93d163c139383ec72cd6390e5bb6123c9,146,primary,discovery,GVPA_000215
GVPA_000738,WP_393544205.1,7bf8591de930f7f38aaf0bcc730e717e08e33ad77f66d93866bfa899979bcb6b,146,primary,discovery,GVPA_000227
GVPA_000741,WP_386451272.1,cfea60d99ebd8a57a980403516237857856e9e4d14142b356065204fb5cc6b9f,146,primary,discovery,GVPA_000262
GVPA_000743,WP_383257226.1,bf9af5f1855d3c5e645afd8b206ce249e665a1f4987c2cda1644af57c064b528,146,primary,discovery,GVPA_000328
GVPA_000744,WP_383243951.1,99965eae3598a9d83590944ba12575e860994a95ac0bbd7019158fdd46dda65d,146,primary,discovery,GVPA_000295
GVPA_000745,WP_381618264.1,a8ebde016a7da9d77b13218317165877df94374bc9088a6191358118cebf9043,146,primary,discovery,GVPA_000067
GVPA_000746,WP_379871374.1,9fc3e1b97f78f15569c589813c83c3415f6791f8b8cfe18941ff7dadd803accd,146,primary,discovery,GVPA_000746
GVPA_000747,WP_375902120.1,b2d7a4658fbc51f56b0a61dbb289c3e06a1a86c7c35aed5aa817426fc49f3240,146,primary,discovery,GVPA_000656
GVPA_000748,WP_366742233.1,7365b15fd04d3529504ce1a11680cd9a97fc5a426ecc817ac89833dabebbf3a7,146,primary,discovery,GVPA_000557
GVPA_000749,WP_366363178.1,8cfd3b9a94c94e4428f2a0f70850e2e80f48a0c8298d3ba06d81a5102191c3ff,146,primary,discovery,GVPA_000207
GVPA_000750,WP_363516251.1,d3ae75adf866c26496ec2485193e3a3de30afe388fc3c1b550352f52185f9fa6,146,primary,discovery,GVPA_000215
GVPA_000752,WP_361415777.1,4e0d8626007b868cba5186ac9a9b65636735a7b883e966acae99c7402e081c76,146,primary,discovery,GVPA_000050
GVPA_000754,WP_360956866.1,361ee71d9dd21bc0a514d713be35b511d40dd3582f639acddcd54793931c1ad3,146,primary,discovery,GVPA_000754
GVPA_000755,WP_360262219.1,4aade6e20b996cf30fd7dc81474aeb5d2b86b0c2e3706e22bf5abfe8cbcbdd52,146,primary,discovery,GVPA_000215
GVPA_000756,WP_359270983.1,94ff03260e442c60f4d00a8d3f0157d912bab373ca1208957b113bc1b712fcdf,146,primary,discovery,GVPA_000207
GVPA_000759,WP_352348129.1,0922dbf510e187e7a1595a0251790e3a06fe0353d61081066e2772b88abd4c68,146,primary,discovery,GVPA_000424
GVPA_000761,WP_351482498.1,2b83c0771e36e6c6ecabeaebb1ba0c29103da32f656696db7e8c295de892bb99,146,primary,discovery,GVPA_000554
GVPA_000762,WP_345704079.1,ec37ac298fa28378be15e2e8c121367753edd499f68cbbbdeb328df28a8a9b0f,146,primary,discovery,GVPA_000762
GVPA_000763,WP_340374788.1,f1229657c6ba8dbc5bda37b50f2789d0b4f7c6fa4801f8d27b7e7f0cc4cd8bcc,146,primary,discovery,GVPA_000207
GVPA_000764,WP_329459579.1,69b27acf8d996b0cbe6ff112b965b75e85392c372fc7b168a3e48095c89f8d0e,146,primary,discovery,GVPA_000764
GVPA_000765,WP_328539062.1,82ff106b1fa5ad3da95b8f37c72d7fcaf0db2a5f758f808ca49773032db034f1,146,primary,discovery,GVPA_000227
GVPA_000766,WP_326662288.1,00a0c84259d52a9d16eab70ddab324000a50222476abd8c28b3a539ee3b907fc,146,primary,discovery,GVPA_000384
GVPA_000767,WP_311692654.1,77432c5767bbdca1acbc85a34a5623338e5db2bd7e88913ccf6eb1d59811f9d6,146,primary,discovery,GVPA_000516
GVPA_000768,WP_307169308.1,6027f47ea3cfdd7c695fc0ff10438fae3004c624ab784cbb8c651e24c2498e48,146,primary,discovery,GVPA_000768
GVPA_000770,WP_209345539.1,38a0daf01c11c07066cce4c09cece583a8e46bd78f89ff062edf22c3cf468d1f,146,primary,discovery,GVPA_000557
GVPA_000771,WP_207125560.1,960761662b7040065a96c42d56f218e2a89703cff357e607b813630c76476ac1,146,primary,discovery,GVPA_000771
GVPA_000773,WP_167997858.1,3142c4ded9a9c6a6b61edeaab69da9c192cd49a1ec2778440bc6d7e3958802eb,146,primary,discovery,GVPA_000207
GVPA_000774,WP_119287232.1,9991ce4120ca20fcff35e7c308fd8f3ee1f011a5e422a2c30465f321120b2b85,146,primary,discovery,GVPA_000580
GVPA_000775,WP_093607282.1,ddd57fd651bd90b1a28594eb419c4efa0de8d87cdb61b0d303f9f70267e26885,146,primary,discovery,GVPA_000775
GVPA_000776,WP_078760991.1,72aa4e7fc04139eb8d8f9e6c63ea5d0b0369c2849957ac25182faee9734bcee9,146,primary,discovery,GVPA_000776
GVPA_000777,WP_062643977.1,2cd5d62bd4eca55a2052d01a401a928fb65e554212e5988f9e1e39cbc833abe6,146,primary,discovery,GVPA_000424
GVPA_000778,WP_042387443.1,7a5d6f636de9f8d89715dbd1ea5c96c6df92242fe9a78d210a761c65c28fdd29,146,primary,discovery,GVPA_000215
GVPA_000779,WP_030560984.1,31c2cf457b8168f4be3b8bc0d021f6955397f7a5aeba4c1925653f882240e05e,146,primary,discovery,GVPA_000424
GVPA_000789,KAB1149830.1,e32bfa559bcb22b823222307cb6a153f4df266fff1900504f7fd51350ac2eade,145,primary,discovery,GVPA_000789
GVPA_000791,RNC74464.1,4806a3cc57ea52cbb0af64d45c3b29f5784c900f1b61328830903fc72457c3ae,145,primary,discovery,GVPA_000417
GVPA_000792,WP_453338540.1,0471109bc8c9eb5c16e920bd0c271e20e8619304d88df5ad03534ae18d286d0d,145,primary,discovery,GVPA_000328
GVPA_000793,WP_451054856.1,d2aefbae3ec051a4d23495565a431eddada086f7d198be8217ac057670ce01c3,145,primary,discovery,GVPA_000793
GVPA_000794,WP_451483697.1,9546e9fea2a722ecdabe792dada136acc4e9c3efda00c98ac43f96b9b83b5135,145,primary,discovery,GVPA_000580
GVPA_000795,WP_449825861.1,d2297a684839e21777edd3d31482a0a68155941e0fe5be7849c628b9b05f03ae,145,primary,discovery,GVPA_000215
GVPA_000797,WP_412491381.1,30288b171dd3d712a8bfeea02df28e30b3ca3e5587d5d1ff7390ff0dc4775234,145,primary,discovery,GVPA_000578
GVPA_000798,WP_030555975.1,c97a643c8646f9f4f4aa0bf2f9bf478475b7efe098c601e0fcdf11fbcb66aeee,145,primary,discovery,GVPA_000420
GVPA_000799,WP_406099027.1,e12cb16a4be4829a78fd04d177a706dc7b325222f1d5717a0bd17f2c1b30a6b2,145,primary,discovery,GVPA_000036
GVPA_000800,WP_030219771.1,32f511aba1e7ad966ce846726d8a16acbcbf37bdeaaad733d3926599f75e5d50,145,primary,discovery,GVPA_000207
GVPA_000801,WP_403437700.1,e6757015c85becb3d74ce72b547e687a1ccbe3c2172e17157d886f0f6431fca8,145,primary,discovery,GVPA_000207
GVPA_000802,WP_404250293.1,9defaac092e2c3e0df995cdf729889eb3d4cf341abfd34e3028166f4092d217f,145,primary,discovery,GVPA_000207
GVPA_000803,WP_404215530.1,decb4922c27512e329255549800b505c84e96344d50ba3a9878264bd9c36856a,145,primary,discovery,GVPA_000803
GVPA_000804,WP_402632809.1,1f05b8d0b9832911ab49f4a22d1855d551401b3fd2f2e9316adead6fae502b9c,145,primary,discovery,GVPA_000295
GVPA_000805,WP_399880766.1,8b317e83c7065262c3863aa4bc5738489af21c181b853fe1c35badbb7ae229a2,145,primary,discovery,GVPA_000524
GVPA_000807,WP_399108245.1,af6695cf29cf73df62c8d17d4e7da97fcb02639442732f33db03039133ebd39a,145,primary,discovery,GVPA_000622
GVPA_000808,WP_134068582.1,62dbd642ea395a5b07db526edfd8e47e4182364d3e07e7e527b59e5f0d22936e,145,primary,discovery,GVPA_000227
GVPA_000810,WP_393474498.1,5bcecd6b9a38c6bf268da5c3f5e858a166f3de768fe69f3a64f4e79172840a0c,145,primary,discovery,GVPA_000227
GVPA_000811,WP_392328817.1,784ee0873c64967688b05422f60b0e0ccfa28820835a0af101c331cfcd8b8ba5,145,primary,discovery,GVPA_000811
GVPA_000812,WP_356725279.1,f0e6865cb7329379c8ab8d18e02228d7e42a4356d92297d737727a9b777425e9,145,primary,discovery,GVPA_000328
GVPA_000813,WP_190159241.1,a20513a9939f60b2954d33ae7377297f7b5c27aa42c77f032ccb26114f961343,145,primary,discovery,GVPA_000811
GVPA_000814,WP_389456483.1,2ae4aded57cd0a9408a7f765ec294dc7490c162bd64974831c6fcd8a78f8fff2,145,primary,discovery,GVPA_000384
GVPA_000816,WP_387991355.1,3a00a529ec3220d44d0ff974d331f682c0e11885c1e4328348cb7f7c9a9e977a,145,primary,discovery,GVPA_000816
GVPA_000818,WP_357446692.1,db47d9ed72a8c48a1f64e5d4103f4bdd4ef78d03d1fda77ad76f2b67206d4fba,145,primary,discovery,GVPA_000119
GVPA_000819,WP_384260121.1,3f50357f6e9974b5d05408153aaddf649ab13044f22d1c65e70deaf3790a7ad0,145,primary,discovery,GVPA_000554
GVPA_000820,WP_378396126.1,810471df80aeb09244f5eaa784872665798bd8a5d2266c410ca79f177f84e6ea,145,primary,discovery,GVPA_000682
GVPA_000821,WP_375944092.1,80e354f662cb059e733cd65cfa37686280cff19b51f194098f01a58e77178ac4,145,primary,discovery,GVPA_000215
GVPA_000822,WP_368960829.1,a7b7d15d38ca66ebc1f1a9f4bf1ed460686962eeac15aa0e16bec565c1fa93af,145,primary,discovery,GVPA_000822
GVPA_000823,WP_365766114.1,ccf0628aa017e0edd69f822a1ff6ba889af17723fef8a9a24fd9b62b673d5234,145,primary,discovery,GVPA_000823
GVPA_000824,WP_365373800.1,c0bcdfa2a88a4d3314fbff952e61c968f9de9f8508ba20e443dfc465ec262da9,145,primary,discovery,GVPA_000005
GVPA_000826,WP_362111964.1,0b83bb72c4100d5c913828462ad68fa6fca3e143d458e5517bcd27e5c2529dd1,145,primary,discovery,GVPA_000826
GVPA_000827,WP_282792533.1,903a6074ac1968b9375113dff2bca1d5b864f537edf0179774946c49d46bd531,145,primary,discovery,GVPA_000775
GVPA_000828,WP_123458593.1,c336ed27b8183f29aa6d6686fd22acbed8a1c4ff7a9ff6e611bb17f18789c6aa,145,primary,discovery,GVPA_000227
GVPA_000829,WP_360980045.1,6474b06786be4a76c03d7bd4e390386a39c2cee72b33b32a8fade3842c1b3dd3,145,primary,discovery,GVPA_000420
GVPA_000830,WP_360871334.1,89e00e9af6c7c68db0a8d3c32d0025e5a0cb6034962786e3e7e0a340db589882,145,primary,discovery,GVPA_000771
GVPA_000831,WP_359533078.1,74603d4587f3db49d88cc3f0ae4510099ec16acac76e7d18c356985537cd233f,145,primary,discovery,GVPA_000420
GVPA_000832,WP_359209964.1,0e537a8559b3e8816f9e3da20b33d9cae0cc12e666a257f92583e6e69b733826,145,primary,discovery,GVPA_000227
GVPA_000833,WP_358596355.1,6aeec7abacb897e770c17d2559c6c76647e15587715cc229479077e0a889bdf7,145,primary,discovery,GVPA_000207
GVPA_000834,WP_356906173.1,2b4a3ef379d238bba9de3487789458d4c26da0359fd32991abf51b050d6b6868,145,primary,discovery,GVPA_000811
GVPA_000835,WP_353692233.1,fdfeba415829009ea5cc9be57915cf8e6ab1fae9d7a746206906e14f571e7dde,145,primary,discovery,GVPA_000680
GVPA_000836,WP_329456860.1,667647d301bb9058b2b7dcc59da41d7af35d8eec58b558d163f1121e29905d4a,145,primary,discovery,GVPA_000557
GVPA_000837,WP_328321490.1,0d8e54d0d62b44dc143a75beb73f933ed598596b7bfe1e65fd583333f5175358,145,primary,discovery,GVPA_000227
GVPA_000840,WP_272113350.1,d06f476f78c90327e13f65569f9d83a2eb71ebb16711e87d2a8cce66bdcf0805,145,primary,discovery,GVPA_000840
GVPA_000841,WP_237600624.1,517b0456f0d401619062e8871e8a8ac390423686a4b5cc7df24106516ce50a61,145,primary,discovery,GVPA_000658
GVPA_000842,WP_234767362.1,7c25d7f9b53be78aef1eba7cf73de48cfe1144eb467120e8a6880d415873cb22,145,primary,discovery,GVPA_000424
GVPA_000843,WP_258789834.1,5e57fc3d7f7b7bcf348270522add40beb5ec4d585872ba7e7700cb38457398a6,145,primary,discovery,GVPA_000622
GVPA_000846,WP_161228896.1,b4e79b012f309c33e5cf7144bceef5665dd2e27a63d7d31435163eba26e46de9,145,primary,discovery,GVPA_000846
GVPA_000847,WP_125502926.1,6cea163821d1fef85767e6fe4ed780f5dad2c3649e0ebf1fb429a8f36c61a0fa,145,primary,discovery,GVPA_000554
GVPA_000848,WP_051165753.1,a7b34870e7b3807a88d9caa9e7cd3dba4a89a3a2936769304ac36e800a7c0127,145,primary,discovery,GVPA_000658
GVPA_000849,WP_030746264.1,d160e20264ca5dca46e847366aaf14b50bcc849fc9d77b99b9b80d86f4d2eb4c,145,primary,discovery,GVPA_000227
GVPA_000850,WUI03290.1,23547210dabe68635401f54a1ee5a50da369729b6cafd8b9d3e564ccac2102c1,144,primary,discovery,GVPA_000419
GVPA_000853,QGZ52351.1,b44c98ec309ed12410abbe1e2ebb0d0a4e69c3ea07603df36b7a3d946d68e525,144,primary,discovery,GVPA_000826
GVPA_000854,QKW03606.1,6fc386c43a615425a7508cd173b182185a8e0e06ae56a183cdbe76207543565c,144,primary,discovery,GVPA_000207
GVPA_000855,QIB42639.1,1d91633edaf13521d8230472708912404c47c79bd52935d93d99fbcf99a07658,144,primary,discovery,GVPA_000424
GVPA_000856,QEV62962.1,1ae2c4b137acabb1e41484e1a562b03cec00884c709e115bb3d0ab78733421e1,144,primary,discovery,GVPA_000384
GVPA_000857,QEV09244.1,14681c39e5e1eeef025500426e6d8a5d4fe3db37e4b737492c5f7f1a3534128b,144,primary,discovery,GVPA_000384
GVPA_000858,KAA6222732.1,a96242627434dd3cf958fec4fd7a32c90d07b3877e6db8a0cded18a63c3cef13,144,primary,discovery,GVPA_000578
GVPA_000859,AZP21364.1,900fed11890c03612cee61fff7929a27c48d6f38d61bbeef6aad83608bf7079b,144,primary,discovery,GVPA_000384
GVPA_000863,RZB16966.1,0433800bf8e00949567654237bc7f6e77c8f195fe5a27439b8b5ccf8e265ea73,144,primary,discovery,GVPA_000863
GVPA_000865,WP_455359716.1,cccbd6f067876b10e63f1f09db1cf390f5c1ce03e4695122762be83e8180e913,144,primary,discovery,GVPA_000865
GVPA_000867,WP_451428244.1,9cf7879427aba24d68c8981ee9b21233a3b1eef0cb6ebed7951e67baba83bb94,144,primary,discovery,GVPA_000516
GVPA_000868,WP_402420386.1,639523134ccadc28a77ae0eb20a6a4d7937def6f772a9f46182f7d453e00f079,144,primary,discovery,GVPA_000516
GVPA_000869,WP_399897023.1,6bd5caceca9efec8af6aad0485b9c82419e634baab20c5ad2bfa9861e7d0e0d9,144,primary,discovery,GVPA_000554
GVPA_000870,WP_385751141.1,3bd460cc76a1d7e70e00c2a3d73c8a4798a6dc2ca5b61628ca104bb8a2473dba,144,primary,discovery,GVPA_000811
GVPA_000872,WP_450817481.1,0a3b7a82ef057ff9eb7e16aff13bf56a39feec03c3cdedc265415a75040036b4,144,primary,discovery,GVPA_000872
GVPA_000873,WP_443332383.1,4b5cf4a6442c7b536019899ba66d357d243516eed9c53586217a180f9c3bf741,144,primary,discovery,GVPA_000417
GVPA_000874,WP_443321717.1,9789b00d5eb96b05c1d6af6c23d3779cff391806bcf13149e8cb07a689d77135,144,primary,discovery,GVPA_000874
GVPA_000876,WP_263214375.1,62a1b88751e627a217e11b6a4630fd4c44fd6db8def8d10be1a98d5aab5c0d1b,144,primary,discovery,GVPA_000207
GVPA_000877,WP_437095826.1,73e068fff5a3e6ad75be31a968568e6b998ab4b15e5240d41cc271c41c50e5de,144,primary,discovery,GVPA_000554
GVPA_000879,WP_351945771.1,05b44a07ecb34083fe340291b8eaced9776e9efb83338beeba6fa69b961d089a,144,primary,discovery,GVPA_000207
GVPA_000881,WP_426899185.1,750fe64d3b1df9a99841dc1018af760b205915e57b0fba877c3af72a89751b1a,144,primary,discovery,GVPA_000384
GVPA_000882,WP_425827747.1,8451f20d57ba541d090767fb0901f45143cd7aa7b52fcc933d38bef73ffc62f5,144,primary,discovery,GVPA_000524
GVPA_000883,WP_416524138.1,f48acab50b8f22292fd4c14c5a849ececae1e6143eb19098eda517ce990bb53d,144,primary,discovery,GVPA_000863
GVPA_000884,WP_416332578.1,8600f19fdc9d58e216d269824f0f5fef9115b60767ae7171502ae7e9397baf7a,144,primary,discovery,GVPA_000658
GVPA_000885,WP_414110756.1,8261755818a1a7934779b9e14ce5e73bc4324176798e6a29f7d0450033607d16,144,primary,discovery,GVPA_000524
GVPA_000887,WP_405824002.1,eb6c60b63ab1df290351b1db105dbd642d9277d47356c27f7a3a77e6114db098,144,primary,discovery,GVPA_000887
GVPA_000888,WP_405662979.1,db43f654292bec544a81a4d4c6adab2fecb3e5e3f71abfbab1598878eeb28f0a,144,primary,discovery,GVPA_000424
GVPA_000889,WP_249836247.1,66ff05a34998c1761b0b3bc94d35205c9a2ed20033e29fb14251048aefc6d663,144,primary,discovery,GVPA_000889
GVPA_000890,WP_403859078.1,f1dd47546c43d6fb4477396e9646c630294c85337296c2fdf854869bc1d0cee4,144,primary,discovery,GVPA_000890
GVPA_000891,WP_401835362.1,093af2e895f399c576178e4315fb63306d3fcfbcc73d1d103cf9724afe283047,144,primary,discovery,GVPA_000384
GVPA_000892,WP_400118265.1,df29c2ce4ec559834454ba9e5fcdba79aa264cffe3ef292e2fe97195e641240a,144,primary,discovery,GVPA_000892
GVPA_000893,WP_399624066.1,79ba3d1a8fd47857936e3355c17b314bdc94a63fd573f97d93f7c3132ae6121a,144,primary,discovery,GVPA_000622
GVPA_000896,WP_392290012.1,1d3b016e50e70d5f8ef4add0e34b696b85b3f86853894f17d29b05bffe91abab,144,primary,discovery,GVPA_000811
GVPA_000897,WP_390658778.1,3716c5880403d02604791728f75dd6c5f98903edeb957d3e1f11f09bad0c7685,144,primary,discovery,GVPA_000424
GVPA_000898,WP_328751631.1,af3f40df019ff3a68c38eee1178db5203ab5c7c13097a345f7d62280497279ac,144,primary,discovery,GVPA_000524
GVPA_000901,WP_389275517.1,e5187e766e82e99c1c4e3840b2b45297dc9e99cbab8942d4ada69713739a8798,144,primary,discovery,GVPA_000872
GVPA_000903,WP_389019603.1,d2ffb4979052a7c934407bfd4db9c7a0a26a653a432bd26394f409f36953a8e1,144,primary,discovery,GVPA_000840
GVPA_000906,WP_386627653.1,885f8f33f7db068a4ef2f724c5e5e350b97f10f90448433effb7c7d2763fe77d,144,primary,discovery,GVPA_000595
GVPA_000908,WP_384815756.1,ee1c566e576bd7305fd20a788032ef858d444799e1a3e034de23c4310c3e4ef4,144,primary,discovery,GVPA_000524
GVPA_000909,WP_382832060.1,01eb11dce297572d0fbabed655ac6507ba291899cd30f4949f3a6967a4891d1a,144,primary,discovery,GVPA_000384
GVPA_000913,WP_366066482.1,41fa0bb955d09a371441d955b30c230fb5d3fbacb275b9a75e63848c61acc8d5,144,primary,discovery,GVPA_000913
GVPA_000915,WP_365722354.1,312a0461e640261fbed63db2591d4306ff46c89cda4687d92399d3c83d29d2c8,144,primary,discovery,GVPA_000227
GVPA_000918,WP_363005413.1,175af6f1d20beeb66be65fba90b9396313266f89330d936deaf21eb383f8b362,144,primary,discovery,GVPA_000328
GVPA_000919,WP_316755604.1,f8290ad1d7dd9517d1985da4a0994d6eedd6138cde4747fede3ffdc6dc02aa3e,144,primary,discovery,GVPA_000424
GVPA_000920,WP_103544857.1,57e0f226b65980f816bba34b1555dcab7ad812784b94c5be82a5b4bc10c0e319,144,primary,discovery,GVPA_000524
GVPA_000921,WP_359192635.1,4ca2fb5d2924d36d4c8d2960628cf88ed8026b8b926c7bb56bdcfcb695703318,144,primary,discovery,GVPA_000554
GVPA_000923,WP_355259539.1,f297577663ab97a3fbc083238df0de3de537f3ea2608a2d8e2f9a869199b2c31,144,primary,discovery,GVPA_000923
GVPA_000926,WP_352258509.1,d59fae66c4e8d71fd759524b6bd8295319654a65352eb169644f374e62246537,144,primary,discovery,GVPA_000384
GVPA_000927,WP_352121100.1,0facd5a04a98dd649b7cf1ca3520a2e9235c4af1edc90c628431046db7562ef5,144,primary,discovery,GVPA_000328
GVPA_000931,WP_242708112.1,8e554a78d1c6bb2f210b06cdf2d665ab6685af7894b7941fbe36f62d3867fd06,144,primary,discovery,GVPA_000554
GVPA_000932,WP_327319037.1,09f652fbaa12f9ced96adf7c042ad3cb61ffa8d8114bfbdea6bf3d28f153f5b7,144,primary,discovery,GVPA_000384
GVPA_000933,WP_313746686.1,e2f25db27be0ddd7f44d9f65144bdd87ae6e75ddca58b5e3d4b8f535cbf416bf,144,primary,discovery,GVPA_000384
GVPA_000934,WP_093719676.1,1cfbaff4fe19efde9b4d861424a970bd685d754232076badbb58b841d8177f28,144,primary,discovery,GVPA_000934
GVPA_000935,WP_107487331.1,64e7ce35bb25d1acbdbc76ea58561bd539957b1cae3c8e2b51a29588328c2fbe,144,primary,discovery,GVPA_000013
GVPA_000936,WP_289938391.1,3d26c8e28db312db0fb2fa9a293de36b325d7158c29a251653bc3a343035cfc2,144,primary,discovery,GVPA_000524
GVPA_000938,WP_091284190.1,4c4fbec1cb44a6265caee707d8bcce105f4d16449203dec654689616194ea341,144,primary,discovery,GVPA_000822
GVPA_000939,WP_276093369.1,3b56d8ab19b1f158674ccd7a20b22bbe7206560bb779a001bd2742abdb8467d6,144,primary,discovery,GVPA_000580
GVPA_000943,WP_235798581.1,08e33b3740b7950e67373f3009c64279b3684150db74b19bcd58501502a778d5,144,primary,discovery,GVPA_000557
GVPA_000944,WP_161228824.1,7b965567a30c2beee27af89bc153480609b118f93c542a61eaf39668e59cd2ff,144,primary,discovery,GVPA_000384
GVPA_000945,WP_258776231.1,31a473f52596b31a6092ff2890cb1fa0d481c972c241cdfbbcd5d97441de85b3,144,primary,discovery,GVPA_000207
GVPA_000946,WP_215071858.1,6e2eca19223614a213f94b0257664fdba2244c0bb47fbb0a31d5f157c5570540,144,primary,discovery,GVPA_000826
GVPA_000947,WP_187826180.1,bd1831e625cff927a05a1afe47da2f4ac94dadca4c75454fd51d6a09a246164b,144,primary,discovery,GVPA_000947
GVPA_000948,WP_182856931.1,9a493b6e882343d69c419d5bbe2f7ea184c784ad5f75ed18fab0299ef50f6e94,144,primary,discovery,GVPA_000826
GVPA_000949,WP_179816157.1,aea3c2b72790f05cbe615e84fe229882a2d6be74d1e9455b64b0c555167fc104,144,primary,discovery,GVPA_000949
GVPA_000950,WP_165230819.1,27f8440761b9bcd7c9fcfee88b376005dbabbe512ed17579348567ea96234e14,144,primary,discovery,GVPA_000950
GVPA_000952,WP_128382058.1,55ef4d97c027e66564a2e5813681812f56387c80b3451a503a24c12791eaf0b3,144,primary,discovery,GVPA_000595
GVPA_000954,WP_061916229.1,27e76d81e3b6bf5c4868c68c359579fcf99706c00f470d9987499a159f5d0d7c,144,primary,discovery,GVPA_000424
GVPA_000956,WP_048579425.1,96c0140daa6613b94894f6a478c099cb3468fa61edeb3ddbc27ef96f27398e2e,144,primary,discovery,GVPA_000417
GVPA_000957,WP_018532580.1,cad495b7efefa0984cb89b2c8b3d9711e74a886b8ae2f38a276629510206001c,144,primary,discovery,GVPA_000872
GVPA_000959,WP_201675936.1,b55ecf6ba9a45824ac0902d9417c3d45586c40e90b417ea9d3dd2efec02697a5,143,primary,discovery,GVPA_000959
GVPA_000961,QEV21253.1,f189b9ff7c097a342e77f72e1688b26c1edb96e178556e5fe44c8de29845b9d5,143,primary,discovery,GVPA_000295
GVPA_000962,TFE30182.1,34d2be0ff38e1e60f11a7fa22f40542f3b7eab972ad8fba91bbf2263259841c3,143,primary,discovery,GVPA_000962
GVPA_000963,TCJ31997.1,48dbcd4ed98d41a9651a9e5de609f285c1f0c43c3f8a21fac606361f33ba067e,143,primary,discovery,GVPA_000822
GVPA_000966,WP_370423562.1,445bdb1ef0dbaec0b47c72bcbe38ff4c8cca5aaa98caee03f374010bd32cd907,143,primary,discovery,GVPA_000768
GVPA_000968,WP_454335294.1,67a4600647076a1539cfbb8c661dad477090ee94834633ac8432980228c6e84f,143,primary,discovery,GVPA_000768
GVPA_000970,WP_453189363.1,da5a3871cf6d37097800ebac97ea585e36736bd6d1694464c62afd3babcda256,143,primary,discovery,GVPA_000815
GVPA_000971,WP_452813619.1,a40ba0a54cb511addc1202c84132e5eb48970b3f0c29d4c7b56a3cb8e7d84dab,143,primary,discovery,GVPA_000923
GVPA_000974,WP_093798114.1,939cf0696318f79de774124571a4898873dec9669b2316a40cf01ac01d841aba,143,primary,discovery,GVPA_000923
GVPA_000975,WP_451725044.1,c3300cd5cd3a2fecb7a9363414ba03efc3dea7dc9e9c14be413fe1ac279bb3ea,143,primary,discovery,GVPA_000524
GVPA_000976,WP_451297725.1,9a1802b8d8e1a5b974bcf941510255557f3e8db7a4222060890490ea090767da,143,primary,discovery,GVPA_000595
GVPA_000978,WP_017605271.1,8267c5f5f18c540519607cb080728cd0bc3fb4d60a293cd9a15377f9c00347f5,143,primary,discovery,GVPA_000978
GVPA_000979,WP_445415262.1,5a07ad4aed2f07b2bb5a03528ced4204c8d7c6924716fa8701d278f546361061,143,primary,discovery,GVPA_000524
GVPA_000980,WP_443226611.1,83bd6a9b92baf1ebf20c935331ff64f806fee57b01800156e3294722900b6f10,143,primary,discovery,GVPA_000524
GVPA_000981,WP_442836016.1,b33222da1bb8630f207e974bc4dabcbcc7c7b1c0d89dfe619cb47e6367eb443b,143,primary,discovery,GVPA_000554
GVPA_000983,WP_435792377.1,61f635950a5e8362a0ca22a9327ebfdd7ebf7560cd684fa07a48cb43041ad2cb,143,primary,discovery,GVPA_000983
GVPA_000984,WP_432094969.1,1c1054034372422a67d4784bd414e8ad5b9d9e0e0488b72e16a8fc75f3dcbfd1,143,primary,discovery,GVPA_000295
GVPA_000985,WP_423625138.1,5a10f137c4be6b67864141e2d19541843aae31c96e56dab20ea830c30e1a1615,143,primary,discovery,GVPA_000384
GVPA_000986,WP_391354555.1,c5d32e6f40641e7427224296194e85e7bcb2bc41c10dd4f9d9aa9e370428423c,143,primary,discovery,GVPA_000595
GVPA_000987,WP_398181795.1,89e7db7478b7a2467f69c57956fae6e400d8f8f959f516d9ed0a697ba4803c1d,143,primary,discovery,GVPA_000207
GVPA_000989,WP_404032011.1,62da822befec269d0d167085796d69f60c67f797289b38234732a861f3982715,143,primary,discovery,GVPA_000557
GVPA_000991,WP_401414787.1,f73e94756aa0d3484a533541fa07deb3f28b901186200aa75e8fecd58045d752,143,primary,discovery,GVPA_000991
GVPA_000993,WP_398339929.1,8920e6125e8e991b4ae62175e6375f5055d4b44abc2cb88af06f3eea2b8d43f5,143,primary,discovery,GVPA_000207
GVPA_000994,WP_399796757.1,20d68c2b901f82e5de2bda2c13dc80d28c76b770cff31fcfac8c0b7da1c73dfa,143,primary,discovery,GVPA_000863
GVPA_000997,WP_383744957.1,10705ba0b00055e3d9411259f2204a62f37eceb6f00c22428a3dc0d0806ce0f7,143,primary,discovery,GVPA_000384
GVPA_000998,WP_361178365.1,2343e4f4c66898dad2cbfc6a12971f6194e0468a0b897f955ee321b291741cd3,143,primary,discovery,GVPA_000295
GVPA_000999,WP_389769162.1,c14d1d299b122e766f277f87fcc6ded85133903cf59305c655a3bfe12de794e5,143,primary,discovery,GVPA_000207
GVPA_001000,WP_389236925.1,b0ec2677418ad37ccfda213b8f2152126229db57017dd27af7a8197f602d8615,143,primary,discovery,GVPA_001000
GVPA_001001,WP_388713942.1,e774d06c85177b8c7fb90a02f47bcb8d181a08ba085ab8327c8293d9ecda6fb0,143,primary,discovery,GVPA_000557
GVPA_001002,WP_388385176.1,f9f49c4f52f3cf0e91de63ac8a7331a9f5373450bc5b593170180d5114df7e4f,143,primary,discovery,GVPA_000293
GVPA_001003,WP_388067619.1,8af929758c4291df190344c2c7a44e0e22bdb1b79d67aedd71f79d39ac5a5488,143,primary,discovery,GVPA_000295
GVPA_001005,WP_382977980.1,58f397b95a7464b12ed00ec2c441c72c45af5c386e52256204a77d33d222565f,143,primary,discovery,GVPA_000424
GVPA_001007,WP_384540242.1,6d8ed82f111335f58060bfb2fcf00c209c740ff5da1891e274a24483bfe64561,143,primary,discovery,GVPA_000424
GVPA_001009,WP_086172823.1,61a8b3c2c9d55fe863e28201cbd82b36598063dffa558613ae6f4402c470116f,143,primary,discovery,GVPA_000424
GVPA_001010,WP_367319870.1,13277722d1671954ae2e9227d333a72904e76567da18002b47a43c9579b814af,143,primary,discovery,GVPA_000295
GVPA_001011,WP_188179749.1,b72df466aa4d9bce8e2ea84a8ffa68bb6145d701405a6d24fa9b6954d43f7031,143,primary,discovery,GVPA_000293
GVPA_001016,WP_355817327.1,d26d281d27feb4954df41eeccea9775a329b0c1a60e70fece5f9198d09849b05,143,primary,discovery,GVPA_000524
GVPA_001017,WP_256916443.1,764ea178facf190cb3b6a14d9abad79aefc7d491f2adf839954e5eb192713580,143,primary,discovery,GVPA_000207
GVPA_001019,WP_360814001.1,fa032b9eae2c5f6a9bab6c73712e3d22c981b9bb93dcd92a93bc02aaceac99ff,143,primary,discovery,GVPA_000524
GVPA_001020,WP_359164731.1,a59818f5139977c3c31091323ee668b0b86c5568e840b24102384d42c37ba99b,143,primary,discovery,GVPA_000384
GVPA_001021,WP_356379377.1,d3c4dd1ad259d8680be492abbc67a5a9ab41a572a2476dc324a2dd215185e890,143,primary,discovery,GVPA_000622
GVPA_001022,WP_351059774.1,4eff61d74963d5b9bdbffb726c85d67e9eb7f549ab52c59447e5f4471085a8cf,143,primary,discovery,GVPA_000207
GVPA_001023,WP_344415411.1,c2a8607c694fed8d7f0d1a06f5ba06b7da8c8a483ca2f23f9724724685e0d56d,143,primary,discovery,GVPA_000682
GVPA_001027,WP_133913857.1,fed2352bde89471f32f3f0bc835d22c67bc12315ccd94e6e7240830bb9af630e,143,primary,discovery,GVPA_000424
GVPA_001028,WP_029183857.1,e5d231c2d2c305ea3fb71b96db49a33d014fb4009e3a83bea05382ec7a9ab7f1,143,primary,discovery,GVPA_000889
GVPA_001029,WP_307023953.1,648606d87b304172c57f10c63bbcbfaa8e87eb174c6592c18821f24d1ea8a3b7,143,primary,discovery,GVPA_000295
GVPA_001031,WP_266326596.1,600d629eab998db9312e3d460d5fcb04cd27a60c12f6d88c51f002044c9a818e,143,primary,discovery,GVPA_000555
GVPA_001032,WP_253775526.1,c28687287968882ef2202233e89c62cc5b8e8ee7984cb45de6364dd582ee177b,143,primary,discovery,GVPA_001032
GVPA_001033,WP_264934087.1,8e2530e830446e4d19d7d424daab0e6e6b98efd56cd43de043059b652f04f9d7,143,primary,discovery,GVPA_000207
GVPA_001034,WP_261571291.1,ae61596b6f2439ddb3b9e248d6e8d8139e8eda0ee463a8d3f9c2d63190204b94,143,primary,discovery,GVPA_001034
GVPA_001036,WP_221748682.1,fd1aeb9694718f913e244efa5faa7204db860ae61f530f27994a423094bf4232,143,primary,discovery,GVPA_000295
GVPA_001037,WP_215545247.1,97ded88e438480d3bfa8f39cb9e87e777596e13c16d1ee984e710e412152b475,143,primary,discovery,GVPA_000682
GVPA_001040,WP_110632858.1,ebff6cee0eb95991c40772f47c58c22e01875933ad308915bd367a4941b1beb0,143,primary,discovery,GVPA_000424
GVPA_001045,WP_044885000.1,1f0358104fc55cd6fb122cd16f32583baeebbb82b0026ed3ccfc9fb099c895bf,143,primary,discovery,GVPA_001034
GVPA_001052,TMM19405.1,1aeb29a5b713738f2ac9985f3cefac42d05134f8d4921d2806c327b766198aa0,142,primary,discovery,GVPA_001052
GVPA_001056,WP_454319501.1,198cb1a8a96a99fcfc521192f8046601cf45a6976e274f1da00e6e4550de72e3,142,primary,discovery,GVPA_000207
GVPA_001059,WP_453411111.1,2aadcdbc1d0bea9903e4c3b75d55ef3111d375dbc494a9f426ad4ce7648eefbe,142,primary,discovery,GVPA_000295
GVPA_001060,WP_453331234.1,8732ab934672b257fb9b978426ea6145d31aaf645d978b6d335659b8e597dd1e,142,primary,discovery,GVPA_000840
GVPA_001061,WP_389398258.1,6e5ab302d46e28a15737a054904246540f1002be9651525a8a9086a4cb3f11e0,142,primary,discovery,GVPA_001061
GVPA_001062,WP_450937059.1,b0ad19030ac0061121e32bf649dabe51604c7a62bbd49b81b64bcc0a22225041,142,primary,discovery,GVPA_000295
GVPA_001064,WP_450246120.1,bd08cab8ca203d8f02bb765ff10b6e7e9f20d2cbd27f47f10d426846883ba9b2,142,primary,discovery,GVPA_001064
GVPA_001065,WP_311511043.1,db480b6086ee9091daf3e9267d8bd40084e0ac15211316b5370805b4799e3101,142,primary,discovery,GVPA_001065
GVPA_001066,WP_445025603.1,75ed14950a50a7c216bedebd9440a8f375d367184335c4c2c97bce70513fcbe8,142,primary,discovery,GVPA_000424
GVPA_001067,WP_444535838.1,8f6f044a64e6996d669e282f75f650c64488282b8a58894eb65457e864127790,142,primary,discovery,GVPA_001067
GVPA_001068,WP_403206335.1,e94be5f486af0cdb970ab1765c91a4ab6aee6f4d765d02ed16f35a32d1f3cccd,142,primary,discovery,GVPA_001068
GVPA_001069,WP_402568803.1,97d083a1c105640d3b5823067ac2838464c9467a50f5bd511cf596c8ffd84c81,142,primary,discovery,GVPA_000207
GVPA_001070,WP_402489200.1,fff8a8648c1255d49c7dec0dc43a3e7788e482e5643666a047dd39b656a31b1a,142,primary,discovery,GVPA_000295
GVPA_001071,WP_401996968.1,83d5cb59178882a505181ccd3c26f6e0405c98f98de5693c55cced13c9399d6f,142,primary,discovery,GVPA_000424
GVPA_001074,WP_394637039.1,09c0a705d28123dc9f78c13eb2f61a40da99e7020916afeb7e0e4de4365078bb,142,primary,discovery,GVPA_001046
GVPA_001075,WP_393260668.1,01cb63d5e7abba836ec9dd3657029dc85357a58708cb8bf5dd268854dd7655ba,142,primary,discovery,GVPA_001067
GVPA_001076,WP_391687043.1,665dbe095ab50345864a11c0eb1dd6e5d6389566b8e46b5e32f4f5d89f027edc,142,primary,discovery,GVPA_000424
GVPA_001077,WP_360689291.1,a26e83baefbc535f18bfa1fc6b466298367b9be4f564d9b4d62ef21383c31c57,142,primary,discovery,GVPA_001077
GVPA_001078,WP_390105470.1,b3d7d6d23374be85cf62ac0203a539af3607f08da332570b608083e9605136a8,142,primary,discovery,GVPA_000293
GVPA_001080,WP_389321274.1,28f0408dcad049b39e410b1acb657c9c604045db94c6188413bbe0e137af395e,142,primary,discovery,GVPA_000295
GVPA_001081,WP_388344199.1,69cd76153366f7b68308a204cbb47f5bfdce4efd35ef018511712b1007fd13d1,142,primary,discovery,GVPA_000384
GVPA_001082,WP_366836712.1,a30aaa7d0e24d37e210b9b7820372052b469f2325d661f13c8bfae54e5d164bd,142,primary,discovery,GVPA_000207
GVPA_001083,WP_362691364.1,0279cf466e4a1460715f86f5968ae1b5ccd8d49a841e7b25e0a361d2d21ed200,142,primary,discovery,GVPA_000295
GVPA_001084,WP_247462678.1,e1297e23633d2dd4f77fcfc191f4fef13af55ec1b6655664871e3846239acc47,142,primary,discovery,GVPA_000524
GVPA_001085,WP_269639458.1,54d2b935bbb855c7bd2c1bb98948ce7462d5680b2247c7c0a3f289bdad1502d6,142,primary,discovery,GVPA_000840
GVPA_001086,WP_361927996.1,bb86ead720cd684e4da30a9c9a48031f473d9a2e05fccd230d1cfced45885d52,142,primary,discovery,GVPA_000524
GVPA_001087,WP_358920012.1,7c7368837a120913aec5ecbf1344b182ea6a47fc1bbddb8976af08a3ec12fc68,142,primary,discovery,GVPA_000295
GVPA_001090,WP_359364530.1,a8abde434a48898db8c68d638f5ded8f9e06a4eed2f7c8df5e3ddd408b183e3b,142,primary,discovery,GVPA_000768
GVPA_001091,WP_358651397.1,07731a77bd6675c52104c8995a9b87435df7a092aa58ffa0aa93f4d5448c82eb,142,primary,discovery,GVPA_000424
GVPA_001094,WP_356590348.1,d18e1c32d8b9287be196f0cac235d4a9c5bd417992ff3eaf6c14c86f68b22322,142,primary,discovery,GVPA_000207
GVPA_001097,WP_327352167.1,b2efc40185eb145b73c8ee89e06b3cafa94560c7aaa53f0df01929ae2420e454,142,primary,discovery,GVPA_000622
GVPA_001098,WP_279549701.1,b333b1a51cb9dd64bea53d7a7490452ec3fd8e7331b4c8cc024d0352bac9e839,142,primary,discovery,GVPA_000417
GVPA_001101,WP_199547630.1,92ffca12c0d0bf6a1d731aab03c395c8426a5a084df4685ee753dcfbe7d6619c,142,primary,discovery,GVPA_000519
GVPA_001105,WP_165333829.1,dbb134ca3082b99cd29b6fb3b49f6f22f46b6fd69f5cc13a7c35f1aa2665a6d0,142,primary,discovery,GVPA_000519
GVPA_001106,WP_103783655.1,de5ea50e5594f33e56e2788d92ffcfa2616235fb96f45752197221a83cd849f1,142,primary,discovery,GVPA_000207
GVPA_001107,WP_086724987.1,1e6d928d1c7c54e0c285b138f3dca836b091335a75342ea9666bb5100385146d,142,primary,discovery,GVPA_000207
GVPA_001109,QTU65643.1,6202903abc283dce157501a24c7d05b6516fa96729fe749f2cd0677265fa2e00,141,primary,discovery,GVPA_000384
GVPA_001113,QMV10726.1,6d624925dc9de4b039e57150abd64066de0f9da70422e76e291c9716781ad273,141,primary,discovery,GVPA_000207
GVPA_001114,QLE70610.1,6220a506e80cb4346edac1d59bf2dffd64fbc3b8fc810fe45fec5e13eb8cac8c,141,primary,discovery,GVPA_000768
GVPA_001118,TPQ17282.1,726ba2494eb42e39c56aee28e4ab9050566052a8e7e0224cfe09db270fba1c6f,141,primary,discovery,GVPA_000295
GVPA_001120,WP_453738745.1,a2a7ecfa52fb38cd5c68a6acbbbeb7c8c9740a223ed4d365a5e8ff3181cd45ca,141,primary,discovery,GVPA_000384
GVPA_001121,WP_453705694.1,0c1b23185eb8900549bae90123ea74a7601a07eb0475a092fb382e1db11edd23,141,primary,discovery,GVPA_000384
GVPA_001122,WP_451495830.1,836efaecd9f4d743aa7d455e55264d10c2dd998f4a2660bf7ffd65f6beb8b185,141,primary,discovery,GVPA_000424
GVPA_001125,WP_404032332.1,d23d27268d19c3e598464284846502257034be0c9af2bc723fedac8dfdea59a2,141,primary,discovery,GVPA_000207
GVPA_001126,WP_328727094.1,32041dd790bc33bed729e113c00bc09d84bb61fb30eb65ff67a075b6e539070b,141,primary,discovery,GVPA_000207
GVPA_001127,WP_189840922.1,3c14d40c845b91d9a75f9d426ec700beaf12e84f6905b3dbbb786a4a6e10b27d,141,primary,discovery,GVPA_001127
GVPA_001128,WP_416971132.1,002062c681c377e2504a90ace7e1c21e7d11372b561e5e6fed2f8f2d058cdcdf,141,primary,discovery,GVPA_000295
GVPA_001129,WP_391239389.1,945b4df113c914dfb95e489cd1c3454154659d1593af2fe8ce23c7c69fb209ce,141,primary,discovery,GVPA_000775
GVPA_001130,WP_404216526.1,0a7f8334c89bdf75eedea466ea3d6e4fe0bb3d5cfadc54fb65170a7a218c9290,141,primary,discovery,GVPA_000991
GVPA_001131,WP_404146067.1,c18fee81b2bdf8d392665ec6fbc0fa6a2b97c00499ab40c2961fa01c811ebd34,141,primary,discovery,GVPA_000991
GVPA_001133,WP_403609246.1,a58b7caf2a7d86263d864abdf335a82de1d04e47e55fc8be7a4e436471f83ded,141,primary,discovery,GVPA_000207
GVPA_001134,WP_365273738.1,50abb3925c75f5dce7701065f4b447ac4cfcb189d0058614e2ab576a60fba94e,141,primary,discovery,GVPA_000424
GVPA_001136,WP_399569335.1,ede629c739edbf2b8048502721fe50f00fe4f4b0566e5cf6e9eeee44e2812503,141,primary,discovery,GVPA_000768
GVPA_001137,WP_399267888.1,55879f32c5c1377fe22523fc6f0c59dc7f5f059c51a311b46a6dba96b2161b7a,141,primary,discovery,GVPA_000207
GVPA_001138,WP_398405093.1,91d36ed1b6a602ddd95eb6119c44cca65691c678717d5241dfd9c11aa103edb6,141,primary,discovery,GVPA_000295
GVPA_001140,WP_359197118.1,702e3fe18bc3e17d3453aa53253d0daa94f58b10f0d0dad8a20ee43135cea0d9,141,primary,discovery,GVPA_000554
GVPA_001143,WP_389421878.1,fecf2aa33710c54fe8883f5c5060507a694ae09ad8243be48f0a47894e3fe4f8,141,primary,discovery,GVPA_000554
GVPA_001144,WP_389190062.1,36efb8bf5074fd41c2c7e6d419bd45358111c6dc46282e0100f783d9f1c80729,141,primary,discovery,GVPA_000863
GVPA_001147,WP_310770088.1,64990fd4496c2336ff63563d4c9ec019848f4bb1b8a9864ab42febdcfab58357,141,primary,discovery,GVPA_000524
GVPA_001148,WP_380582975.1,3d0da68fa98bda3f3abd05d1691d1135285766f6769aedbab74c965c4112c392,141,primary,discovery,GVPA_001148
GVPA_001151,WP_366832735.1,1c395f449f6eb0253ac536e7b70dedad255cda4ffb19334bf32dfbdec7b8dc30,141,primary,discovery,GVPA_000622
GVPA_001152,WP_366073738.1,cbca72932d004c3d679217f1f786ca2bd4a0754561684bec9fff49d583361e92,141,primary,discovery,GVPA_000384
GVPA_001153,WP_365502501.1,c03c0892fd535375e84c321baa03c8c10dbddefa1912dbe7061252dac1741c10,141,primary,discovery,GVPA_000207
GVPA_001154,WP_363233023.1,3e6076052b59b7c9e2e6f76bf62a8bb08a109d83bbfb6b627e597cb3bc2e9185,141,primary,discovery,GVPA_000923
GVPA_001155,WP_362445253.1,2c2b361f58d501f14610d2e4da880fbd0216266333db10ca004193fecf6e9dbc,141,primary,discovery,GVPA_001127
GVPA_001156,WP_362325774.1,d5cbfd72a8e273ba1042938055cfcef3523e3c9fb08ee148e47ca1027b3c4e0a,141,primary,discovery,GVPA_000424
GVPA_001157,WP_360769685.1,fc3bf1fc1fc95cdf18d13860dc3e97d1b8ac8b632cee7ce4fdf475a50717ef84,141,primary,discovery,GVPA_000384
GVPA_001158,WP_359944996.1,89f87adc8e91648b910ad395d6a6154a503ee02940cb3e56a2f57626309bb397,141,primary,discovery,GVPA_000524
GVPA_001160,WP_355937018.1,45850a535bcffff8076405d218ec44d3f6bde351a8c07fb478bee6decccbfcd0,141,primary,discovery,GVPA_000295
GVPA_001161,WP_355547026.1,8ec4bc994ae0760e12021ddf69c9079d20d61e0ccd56810431e0c257d5e1c282,141,primary,discovery,GVPA_000578
GVPA_001162,WP_351643651.1,613ef6faedb474e587e7373bee810409e555990822e548f7f59bd9142a016a1e,141,primary,discovery,GVPA_000991
GVPA_001163,WP_351417021.1,281ee7b09949efd6b34e90f0d9856f772959f58e7a8bd523c1e6289905c63925,141,primary,discovery,GVPA_000840
GVPA_001165,WP_286259625.1,9c8fa67e6d33a22271a93d9b1ff6b28136203351e70123aea20a546feb3abc21,141,primary,discovery,GVPA_000524
GVPA_001166,WP_276109094.1,8f0bd5ba9d9f7a602bd3de87501baf88318fa7330c04c24c013c311c46429591,141,primary,discovery,GVPA_000923
GVPA_001167,WP_252426882.1,0ba5728776f0d73f75e914ebe7b9a3005e98cf3de357300e23143a48e7826d62,141,primary,discovery,GVPA_001167
GVPA_001168,WP_235457434.1,11fb4cc78183856641b0a3f8477ea65badc7e6a4f17ea725a13b2ef5f24b644b,141,primary,discovery,GVPA_000424
GVPA_001169,WP_207818358.1,39b8415daeeaa96f07fe8a09669f718467a46508a3621b2299c50bc502cb3a19,141,primary,discovery,GVPA_000991
GVPA_001170,WP_142215409.1,e5ce718cd57f85f0dd7b2fc9c88732a19918ee1a85b789741ac3e8b649f70b7b,141,primary,discovery,GVPA_001170
GVPA_001171,WP_114399669.1,c7648e0be2783312c314b13a26a3d3c062df0af484eb1b58821b618f3edc5bff,141,primary,discovery,GVPA_000746
GVPA_001172,WP_062702256.1,3e04719ea3407bb8c341ad059ea9a7182da602a6051106a67e7336d4d24b327a,141,primary,discovery,GVPA_000295
GVPA_001173,WP_028800051.1,6c11f0d9231313bd240bf167fef0ab1c9973e5fa1f4a1a7219ed7e02a027cef7,141,primary,discovery,GVPA_000923
GVPA_001174,WP_151478630.1,37ec70bb56df104146442ad045ab32284fbb33ddece6517c130f05ee3d12ce75,141,primary,discovery,GVPA_000295
GVPA_001176,QOV34366.1,c71fb5534e90e78caa90fe3b7098c9055d4852f5a8d373a299a05fae96c2bf28,140,primary,discovery,GVPA_000295
GVPA_001179,QIS74085.1,a21c413bf211e2cdb93616a3592a21992dc0e6d340317d67117369fffd2cbc9f,140,primary,discovery,GVPA_000295
GVPA_001180,QHC32231.1,0c41a2c630dd8829cdefeccdecaa32522e94d8753a0d16569d9d2ec022962904,140,primary,discovery,GVPA_000207
GVPA_001181,QHA09127.1,4fbf075833c99ad9b311e12f5fc7c1c77893487db32d239001b8a6d487f3820f,140,primary,discovery,GVPA_000295
GVPA_001189,WP_453322718.1,e9cf70a6a353deb377b1b2f6cbb31de0b57ad89f77713177a51e95a0f1090b55,140,primary,discovery,GVPA_000923
GVPA_001190,WP_453167492.1,2afbb1fb8119a6e1015715275a8bc156b494303ee94c2c4613c4e6ddb954f324,140,primary,discovery,GVPA_000295
GVPA_001191,WP_389420758.1,41eb59db8fbe021712904b53e7f55dae7bd2c383a4686ce773ddcea7562ac76b,140,primary,discovery,GVPA_000424
GVPA_001195,WP_436954185.1,29fff4ff5c41d9fb2aa6527f26dfd4ef2339373acfbdef0316b6500550167370,140,primary,discovery,GVPA_000207
GVPA_001197,WP_402162434.1,f272d59c31725a899e3384808cf982ed220d919cc7a2548a2c6c727b872ac705,140,primary,discovery,GVPA_000295
GVPA_001199,WP_401585144.1,b5b1f883289844c84d3b388ff9376209c53240fc9707d62ae10231cf40c22d27,140,primary,discovery,GVPA_001199
GVPA_001200,WP_399671162.1,d554d389f8021863a95914688540e5b07553bb6f2ac3e95213abad30b7d8d91a,140,primary,discovery,GVPA_001200
GVPA_001202,WP_344605289.1,ca9f7d41993183433a274148c73c5e41bb8495f95e907083c09cd0186be33737,140,primary,discovery,GVPA_000424
GVPA_001203,WP_398985314.1,99166e13df6db021c24a56420281f3a57343c7e245954e3572ccff2366d95c1a,140,primary,discovery,GVPA_001203
GVPA_001205,WP_361179240.1,869975a8f95f2c3048c7f7f22fb649578e5031df60c329917dbacdcc9c7a14f5,140,primary,discovery,GVPA_000991
GVPA_001206,WP_114036274.1,3042c067233a9fcc993589ae2fc48ab663b28b5414b653e4f3e178d4c07eb04e,140,primary,discovery,GVPA_000524
GVPA_001207,WP_389134903.1,605fe0625173638f7e3858bf6c9ddaf3d6ab71df10f1c58a79dc891e53065a22,140,primary,discovery,GVPA_001207
GVPA_001208,WP_385842913.1,3ce7ba172a1a8cf0fe19f6ae4e8fbb739c1fccc7698e781de085b71c26ab0529,140,primary,discovery,GVPA_000622
GVPA_001210,WP_384240280.1,e1449e3a6854191cbacbd9714f2e971cb9e615cea27d9994d5801c547014fc1a,140,primary,discovery,GVPA_001000
GVPA_001211,WP_382812021.1,7cf568872595d4242943d31f6154f13b91941863e9263c42ca98bf8228c60bac,140,primary,discovery,GVPA_000227
GVPA_001212,WP_380977411.1,c9e690ab361793f3da414e62b727680117891924e14d7bdc3bab010cf4cf7d76,140,primary,discovery,GVPA_000659
GVPA_001215,WP_362080066.1,d0605d069bf38cbd6682388eb9bbb0de81f7c114277dd579b48f5ccacf284d22,140,primary,discovery,GVPA_000768
GVPA_001216,WP_361899547.1,9ac5b9c634839caf22dfc4c403beace6bc6ab5068a21f3c2358523ecf1eaee1a,140,primary,discovery,GVPA_000768
GVPA_001217,WP_318200486.1,59cc648a17f8f7b8791d9580a7db97875568a29ef525feeb1a19b244788b5c1b,140,primary,discovery,GVPA_000295
GVPA_001218,WP_361627243.1,b36500230994faf63f1ed724e6fae3bef61a83c9c9aecb6b909e5b398a4e6f83,140,primary,discovery,GVPA_000207
GVPA_001219,WP_361475612.1,272b69888d90394e47a06775eb5c11569a4bf331a66562292fb818d63df6a734,140,primary,discovery,GVPA_000207
GVPA_001221,WP_356911629.1,354ddcc8ae004737c68b8efe7569940b16cb7e1a5b8a553ca220b8e8c511aac9,140,primary,discovery,GVPA_000295
GVPA_001223,WP_356495693.1,552d4a0f32c257bda33040a2d0c4856437b800b9b21090b8c977d9b7f48714fa,140,primary,discovery,GVPA_000991
GVPA_001225,WP_353945496.1,0c03a7eb1ebe78fe91bb23ebd609e1e574302cdfdc30cdb3c8ffe42b374fb1d8,140,primary,discovery,GVPA_000991
GVPA_001227,WP_189215932.1,8d93e986bc90bbe2e0d99ea9bfdb9c51c4cf8c328ea91815248ffdff99a69633,140,primary,discovery,GVPA_000595
GVPA_001228,WP_100575201.1,05ace4e9844c514d4b11184dcc0379bb8e8d48c738cf3bc2b440b49f7c5f08ef,140,primary,discovery,GVPA_000524
GVPA_001229,WP_320773375.1,81a734e11b5d906f1776ef2b07975b41ce412b60002a935050bbc968bf03266e,140,primary,discovery,GVPA_000554
GVPA_001230,WP_289964566.1,6917e784f809bef5f5a30abcfced560926bbcee071dd2637c8dd7dad8a55da92,140,primary,discovery,GVPA_000207
GVPA_001231,WP_264241408.1,94f277da6ef0640d265417f88e44ee976916a2d5124be5f8dfb06353f6711863,140,primary,discovery,GVPA_000840
GVPA_001232,WP_201836832.1,f61f0dffbe941097e8b86d419d8e87850b414b4b83793240df27fbb63a032b62,140,primary,discovery,GVPA_000207
GVPA_001233,WP_190018265.1,a6219cb06dfe4223b03fcfdc1884b94378e262032f874699581aa753b9ded3ef,140,primary,discovery,GVPA_000207
GVPA_001234,WP_189858265.1,301469ce4b8107f04cee9d4c04f4aa007564ef97bf046457bed34d8a8967ebb5,140,primary,discovery,GVPA_000554
GVPA_001235,WP_171171972.1,e6a39c6306c719cccbbd96be1b486ddd899171fe7d6d088189bef76d2db14004,140,primary,discovery,GVPA_000768
GVPA_001236,WP_164303953.1,085c346731d3e37f9c07be00681a9f9b3818096bcd6e88c8d5dbf8da8fdf4a7f,140,primary,discovery,GVPA_000991
GVPA_001237,WP_149826740.1,902c4b6db811de83b74544ccc409a39e243eb8e00be6485a9fce25cd5e147ef5,140,primary,discovery,GVPA_000295
GVPA_001239,WP_018530245.1,0999ef90f61765160fe54decbdb306c613c167c60b431b1c5718bc9941db3d74,140,primary,discovery,GVPA_000384
GVPA_001242,QWA20403.1,55802cc1c7918b91c298790d7b83918135c897e3b2e614ea64f0e15ee7124dd9,139,primary,discovery,GVPA_000108
GVPA_001247,WP_453275605.1,f750418b6bc852780242f75271f60ba539f31cd60a64f25fb916f863de3ad26d,139,primary,discovery,GVPA_000207
GVPA_001248,WP_452981771.1,90a5dc6933a491ce9cb7c5707fd4ddb92482d1b6dd8a356a6f3fe510075aa6ba,139,primary,discovery,GVPA_000207
GVPA_001250,WP_351342304.1,9f5adb9556efcae9b9212d4e7e4ed0cedfaa46589c373b11e0f983865c4e3d33,139,primary,discovery,GVPA_000872
GVPA_001251,WP_099197901.1,2726361635ed584c7ff318b40b02dad2ef1852722d18a41c798caf0103017803,139,primary,discovery,GVPA_000768
GVPA_001252,WP_436885738.1,173d18412b3ab6f37554e4b7a08862006cef15b7fa18991758c983686ba1c2cf,139,primary,discovery,GVPA_001175
GVPA_001254,WP_436754324.1,1242d6ddaa5a296c45b43d29925111a7fc2ed2b3e56fcf70edd4e506838f1b8c,139,primary,discovery,GVPA_000768
GVPA_001256,WP_385161964.1,fa9db4bb8425627b55b38b28754e573cdfc8e1dcd0eeedcfe40f02ed896f2c3b,139,primary,discovery,GVPA_000384
GVPA_001257,WP_369201641.1,5daf93fae44389ce61dac273e08dc3591d8c6ff48c66de4b766000e6ee24d282,139,primary,discovery,GVPA_001077
GVPA_001260,WP_366126388.1,9719b85dbd51b68e6fb9c804c678dc477cdc532950a3ff1df95dc4158f80b980,139,primary,discovery,GVPA_000293
GVPA_001261,WP_366016744.1,553556f4ec6bd062a9631eb3ba6192609b7efd79df7b7cc2c9f1a690eac4d923,139,primary,discovery,GVPA_000524
GVPA_001263,WP_361684979.1,10fb2d4d6d7b6740899b68993f75990373b4b53a653bf92a6843df030c080590,139,primary,discovery,GVPA_000789
GVPA_001265,WP_356492405.1,cb37e70e326f8b3dc81e1f736de7df286743356eeb054968f6149cfaeb799f45,139,primary,discovery,GVPA_000803
GVPA_001266,WP_356146493.1,a41b05f8cb9cc73b0f07ea7e0336d3c8227888baabb50d1abf19d0134bb3c653,139,primary,discovery,GVPA_000934
GVPA_001267,WP_356121766.1,1d84cee1226e5a2b5598ab50f97b3738291ec4ae2c40a512376bd6357c958345,139,primary,discovery,GVPA_000295
GVPA_001269,WP_274046538.1,5165eca6e659b65619e73380ebb378a62fb562eb9b5306bd12094dd306a0d801,139,primary,discovery,GVPA_001077
GVPA_001270,WP_207819317.1,e7a5cb184100003a9c85848d18a22f66b89e2594d817bb5df08acb7bbd48e51c,139,primary,discovery,GVPA_000424
GVPA_001271,WP_209240197.1,22f0675f872e2ac9b99682a40030de74acb3f427f66e9a712d0a98b41762f634,139,primary,discovery,GVPA_001077
GVPA_001272,WP_189787309.1,04b7b51f231fbdc7fcf369cf5daf6852416f9256cce32fdf84ae565c862cc18d,139,primary,discovery,GVPA_000424
GVPA_001273,WP_161063189.1,7593633019c584d0bcfcd5019971988f5dce677fb1b38f3cd5223e373eb4889a,139,primary,discovery,GVPA_001273
GVPA_001274,WP_071366192.1,06b7e04b858e613e576473f773dc364ad68986d491e465262a880bdbe93b1813,139,primary,discovery,GVPA_001167
GVPA_001275,WP_020674105.1,351327cb66045b1675657fa0b17281e7181151bc8583d6da3500bb23ceac201c,139,primary,discovery,GVPA_001275
GVPA_001279,QGK71331.1,30fddf04efbd4de54986b63b1199bb338123710b1def7e6b7a717a7294cccb6b,138,primary,discovery,GVPA_001279
GVPA_001282,KAB7844822.1,2b1270a717103d24a93ee15e015e8ad592c28a7efc124b07ee3a8853090ebfa1,138,primary,discovery,GVPA_000768
GVPA_001289,WP_267948539.1,b68b5f4e5767162f3f1b3781a05994f9763350cd25c8ece87fc908a0fb885995,138,primary,discovery,GVPA_001175
GVPA_001290,WP_409062171.1,fb6bb713014246b6d8571f4056610b7f29905a9b59934e1085ba3f7510dfb50c,138,primary,discovery,GVPA_000991
GVPA_001291,WP_212644141.1,b52115ba2aea63004535b64c761e3841552d5c30c19e43a2ff820684c9edf31e,138,primary,discovery,GVPA_000663
GVPA_001292,WP_433453845.1,56ef4a659ce9178233410ed8d8608e077bedf601248d1c65884dc77732f6b5fa,138,primary,discovery,GVPA_000207
GVPA_001293,WP_353945732.1,39d40837582fa9d201300a70ec0d0494667e337b966bde51093438588e1263b9,138,primary,discovery,GVPA_000524
GVPA_001294,WP_413953837.1,307ddb2cf11a6839dac16a149866551033fb05ccd8cc7df06dbd54d2ba802b80,138,primary,discovery,GVPA_000207
GVPA_001295,WP_401414969.1,1d076f8fa513bc9bd19b4c4c85f84035f64d218c89bf901fea7f30d3c159cb67,138,primary,discovery,GVPA_000991
GVPA_001296,WP_398872384.1,e4439b45e0659f42404da422653208b5563c26b84e8cf7006c32b40a96a06dc2,138,primary,discovery,GVPA_000768
GVPA_001297,WP_398411390.1,804462eb9e0e054d70a6c64ccaf8dc6154c0aa47e0aee0825ae6a70c5f4e705a,138,primary,discovery,GVPA_000923
GVPA_001298,WP_398195537.1,f1913c6d844dfcf6ff7387f59b084d95d5ef82642c3cecdcc288e7b6cea00a1b,138,primary,discovery,GVPA_000991
GVPA_001300,WP_388765922.1,36522b4396525ad57b557a9255960e870bcf2d288b5bc9e82802d57aba6b9572,138,primary,discovery,GVPA_000424
GVPA_001301,WP_380582458.1,79ac47a69175d82a3e6d206c63f2a21c157fe6e88e5709552b409419583bcbe3,138,primary,discovery,GVPA_001301
GVPA_001302,WP_365862114.1,0ba8d12fc400e3146a06f3ad2c3149755df1ed4ada484f08c9c768f59a515164,138,primary,discovery,GVPA_000991
GVPA_001308,WP_190190553.1,01aa1cc864ca7c641675fe63a5455436c01a0cbe31c82191056e1bf7dfe4ce91,138,primary,discovery,GVPA_000384
GVPA_001310,WP_059094088.1,2d1f7c8b7bbd2951accddc313006701a0360c375f896c81514b589022afbef95,138,primary,discovery,GVPA_001240
GVPA_001312,WP_029116308.1,cdbe11c129721f949ba53ec32c93bb07cb4efe64fe5cc0162395ee939544fb06,138,primary,discovery,GVPA_001312
GVPA_001316,QOV47569.1,1114cd3cf4707233052fd799cc2028c3819e9406e5e030dcf6500d7fbf3ad158,137,primary,discovery,GVPA_000064
GVPA_001318,TMK23882.1,9c7c4a118fe5371b89790dbb7c465c9674993b825641b95b1657558eaf0bb792,137,primary,discovery,GVPA_001052
GVPA_001323,WP_067966505.1,d3f50e3224a5e2a93a217a49dc9f8b0c41994c07b606020a8aec48b410556f05,137,primary,discovery,GVPA_000663
GVPA_001324,WP_017588087.1,82a4a4dfcd693f17f124bc0fb3a05614569db96e3802b8ed544cd930b3b67993,137,primary,discovery,GVPA_001175
GVPA_001326,WP_399231989.1,1abcf28ea77ded5c3530b8a287946fa8bdd33a1fa1fc69a5377deccfc326f41e,137,primary,discovery,GVPA_000991
GVPA_001327,WP_368435506.1,37f5cb77be2d6587db012918ea29434bfc1370489dee5007706c05432008a688,137,primary,discovery,GVPA_000768
GVPA_001328,WP_302859015.1,92b119aba2b4b1d9d2c156bd173c0cd0a2e8ee2f9d8c2f95016f7b8350ff296e,137,primary,discovery,GVPA_000768
GVPA_001330,WP_173868892.1,a364c374017e5c089bead40e45285782411c032581d557e7cc120c389548034f,137,primary,discovery,GVPA_001077
GVPA_001331,WP_109280766.1,ba862162f18bfb4a7b27c4ba3203966f547f9482f369a822d561330463ff70c7,137,primary,discovery,GVPA_001055
GVPA_001332,CAM3415122.1,4075663fb7fccb3ebc0adf1a37c09e3ab3747f488537032590352bbfd4453fa8,136,primary,discovery,GVPA_001077
GVPA_001337,WP_451755659.1,3c0ea61aa431f6cf3a07d91e34766caf021da843681dd3c172665278924698bb,136,primary,discovery,GVPA_000207
GVPA_001339,WP_450657323.1,bcd33c3d18753223f39c0f6600fd6be97dc80820c2d6f663454414e9a9af5942,136,primary,discovery,GVPA_000659
GVPA_001340,WP_161104882.1,e1c2f906c14a4d16c82fa187ad099495ad205f79d839b2769f3faa588e075083,136,primary,discovery,GVPA_001340
GVPA_001341,WP_443278993.1,6466ddd1960d5464a11b6a2b5dbdcda63869754d49a0a0b0573892689a5d2fa8,136,primary,discovery,GVPA_001077
GVPA_001342,WP_423543339.1,ee911b35875813f5cb7b4f16486bec2faccca636a62b0d3eec554868bc67bbd6,136,primary,discovery,GVPA_000659
GVPA_001343,WP_407773189.1,6419b7e02c2a3166aca6a7162eb632a62675e7d83c87135516762afca13ed8e1,136,primary,discovery,GVPA_001343
GVPA_001344,WP_384109811.1,6223d3851bed2fa35fa01a70ae3da706f673391472755c8e9318b0ef81f32b9c,136,primary,discovery,GVPA_000659
GVPA_001345,WP_399922500.1,7849b0b90eb6186f1778e2452a1a9896d6d918b42afaae13fb2a8865299bb65a,136,primary,discovery,GVPA_000768
GVPA_001349,WP_383869880.1,71fdbcd99b85223aeb7df1933c9bd00e3353604bf4cd1c2f1abe4d84df8a405c,136,primary,discovery,GVPA_000659
GVPA_001350,WP_359410331.1,cbed2aeeac489a446e6307702acbbb11cc55093105b0aeb402fada72f9ec7e30,136,primary,discovery,GVPA_000207
GVPA_001351,WP_366229382.1,c82c25fd8a0b1b7cacf1f4b168a116d9e24b7ae5dfb843f84c57fd565895a9bf,136,primary,discovery,GVPA_001351
GVPA_001354,WP_344569605.1,6561a7673b3a2dbe4cf04a3ee47873b313dddf18f1b1134c3703437b7ea42d1b,136,primary,discovery,GVPA_001077
GVPA_001355,WP_344529712.1,c58ac8465151ee3946879105b95ff3e7089455425dd381c126531c17e818abb9,136,primary,discovery,GVPA_001355
GVPA_001356,WP_326691463.1,ddc5feaeabe9e35fa7fc0334cced5e5d52784c5ee7e459cb1c253841aeeff436,136,primary,discovery,GVPA_001077
GVPA_001357,WP_105870746.1,b4a6ae5d8c2cd71a6338a0451373f39723090acae603bfccc76c579e700abb2d,136,primary,discovery,GVPA_001357
GVPA_001358,WP_210083127.1,38cbea7d4cee9c46a5621523d19b8c3455c9a6c78309424feb0b763f219e33b2,136,primary,discovery,GVPA_001312
GVPA_001359,WP_062650151.1,77f25f4401931cec2b83ee9fb1d710918cb224c77107d9738371a4544b024415,136,primary,discovery,GVPA_000659
GVPA_001360,WP_031074031.1,74697f7b3abd6dd44cb8a254994529fb9b62c6ce8cd1fec7107fe44d5d2d786e,136,primary,discovery,GVPA_001360
GVPA_001369,WP_426567380.1,f02a2c0c05561807c30c92f8eadaf4685b1ce2f8ca003b37cd53d99a3f669eb6,135,primary,discovery,GVPA_000659
GVPA_001370,WP_393732610.1,b5e2b85277009ab3d1d9816c40ea6e3280308d2bc329f79c7e939b0d39984b7a,135,primary,discovery,GVPA_001355
GVPA_001371,WP_391829083.1,5fbcb4c3abf7cf20a8ac431a620027ba1138ba7eb9a32151a2ca7e24f8398bf6,135,primary,discovery,GVPA_000768
GVPA_001372,WP_382724053.1,d755ead1a842b02c5eeff4f4810b7d5785a3aa375bc9d6f52f4da3bc29b7f9a3,135,primary,discovery,GVPA_000659
GVPA_001374,WP_344092852.1,3b21687c448dd52500ebefae30fd9b52588d1c901f67c74c919d1a79c92b8ceb,135,primary,discovery,GVPA_001055
GVPA_001377,WP_361004224.1,b30b243dd2f6888d34a285947980f02f97cd01ffb4e755c40861f0b06e11b8a1,135,primary,discovery,GVPA_001377
GVPA_001378,WP_356918445.1,40c2954e63de283e04da1d8f814a14f8e8ae3bacd28aba83debaf4e21ab9bf2c,135,primary,discovery,GVPA_000659
GVPA_001379,WP_351470180.1,60fce464d31ddca36035087606a62881dee206d0020beb36232f008e2d637222,135,primary,discovery,GVPA_000659
GVPA_001380,WP_325672347.1,4ef955394d90dfc66b9e6dcab927346dbf5550aa7d3c90d2931b0dbd3cccede0,135,primary,discovery,GVPA_001380
GVPA_001381,WP_310434885.1,7717c847732ebac9c311eb24f74ae41686ab0e66bf4ebfe812c1d34be2d0934e,135,primary,discovery,GVPA_000659
GVPA_001382,WP_164559109.1,24fa23e67702372f285e30493004c7b625c8f03e1a0931a18ce3855b87dc27d3,135,primary,discovery,GVPA_000991
GVPA_001383,WP_109382665.1,085cccd6350e32c208a44e8b9ad34f0c05c79200f7b0d1910a0e37c1b3fc8697,135,primary,discovery,GVPA_001383
GVPA_001384,WP_093612053.1,905baebc9a9024d4e8088fb50123052c498f7af91c4c542c31f5dd51750c6d00,135,primary,discovery,GVPA_000872
GVPA_001385,WP_064420741.1,254a315c9a0eeca8df972e712ed3fa1f12cb7118f99306cd433e37823a2b92e3,135,primary,discovery,GVPA_001385
GVPA_001386,WP_358593829.1,49e4ef3cc8a7555ebda48ef052388b349ab92af763c8abc9e26cd392d5c168af,134,primary,discovery,GVPA_000659
GVPA_001387,WP_450444342.1,1c7fa5f13a65479d774a1b71a088e187ea2a2757a6364bff827b50b241ea0a33,134,primary,discovery,GVPA_000659
GVPA_001388,WP_217782405.1,d294a661d95a76e065a6b9eca08135a2bc02860b8fb2ca8936f42467b6802f5b,134,primary,discovery,GVPA_001388
GVPA_001389,WP_408648639.1,b138010d5ba31c05943b001aa1e94563462771d3d9b430de907a1c97fa741b80,134,primary,discovery,GVPA_001388
GVPA_001390,WP_266452920.1,5ba8f30f9bb9a528aa2d8f9b90652c99be5bad8e2b2300810a037d3c289e4d56,134,primary,discovery,GVPA_000659
GVPA_001391,WP_355706373.1,507f74ba58a647d2e71eb373ca089d7a96988be5f225cafc01436d86999a1b2c,134,primary,discovery,GVPA_000659
GVPA_001392,WP_404257653.1,f1134fbec500e7d862ed1348574ac74960666be1ed19a7e858591bdacc5e1fb5,134,primary,discovery,GVPA_000659
GVPA_001393,WP_397689003.1,02d5b8def523788ea7e493920762550be5267766b444a29ef2f412fe20057c6f,134,primary,discovery,GVPA_000659
GVPA_001396,WP_248635249.1,41f46800ccb6b75d5c81b01aeb4391a17d60f551065e3722f00bcf01f46ec1dd,134,primary,discovery,GVPA_001357
GVPA_001397,WP_359013417.1,35a6e8909c7902d1383ce397bf4186a32800b3b23a8b862f3160bae8314aba73,134,primary,discovery,GVPA_000659
GVPA_001398,WP_351895411.1,c008e185085fe10011fc2f6137db675d34d3783f094966d002c15de76f22bb80,134,primary,discovery,GVPA_000659
GVPA_001399,WP_310431153.1,e773e8bf2b13186e6a0a951d23a4db2fab2153690ee8f18baac99f669d01fade,134,primary,discovery,GVPA_000659
GVPA_001400,WP_086727358.1,02c6ad08f08ce20f042d9f5f89313ed4b603ecccce4a8624cdca91918f2296a9,134,primary,discovery,GVPA_000207
GVPA_001401,WP_086722828.1,90c89f0acc0eb35d9ba4742bfc0566893c29fe22da97410a4c5dc42c0ea6bfa5,134,primary,discovery,GVPA_000207
GVPA_001409,AYN37765.1,b7ba0646c2d597d8a53cfcdf4a08700c87241d5fa5922f21cf44fdff95b8fe99,133,primary,discovery,GVPA_000659
GVPA_001410,WP_453413135.1,90ecdbb9c6700f2f68256d349f88eaaa09e5d68287c334c5c6b3a759525aea8d,133,primary,discovery,GVPA_000659
GVPA_001411,WP_451411305.1,c62423cea41ae092a4d556e5e7df2eff59a8d6d8fa80cfd9ed8983af35f68cf4,133,primary,discovery,GVPA_000293
GVPA_001412,WP_451496289.1,b846dbe4b28e6a16a91f8dcf91d8bd5015f24d4a7e35fa3ebd3943c4018950b2,133,primary,discovery,GVPA_000659
GVPA_001414,WP_432839643.1,5ca83a8f58c14cd88ff5116be10715d38ff8c0c6f844c9a01ff8975b3e622987,133,primary,discovery,GVPA_001351
GVPA_001415,WP_423515736.1,e50ca96cbe6cd9f7bf28bba24b268c861133b4bd9d0d97bb044247001b85e87e,133,primary,discovery,GVPA_000659
GVPA_001416,WP_413950170.1,66e2f845f5dac6ca91d5b33c5a851bd70fabdc468f5034c480d68bc215bfcefd,133,primary,discovery,GVPA_000659
GVPA_001417,WP_390984506.1,3983887c8f337e09f989b1d7d0e32e2b018f793b42c6c0d18e8add7f70c1988a,133,primary,discovery,GVPA_000659
GVPA_001419,WP_406011100.1,f36e5a11d87a5a1b98ff35ef909a814147c4e862bf998582c5a8a13715ddae4a,133,primary,discovery,GVPA_000659
GVPA_001420,WP_403854280.1,1012c01a9bd0bacbedb9928935dff658984d174218463edffca558062e251a5f,133,primary,discovery,GVPA_000659
GVPA_001421,WP_403587248.1,57970fe3669df48516916d19d60f0f901174e0b5d52c4a2cd0b3b852cf92ece2,133,primary,discovery,GVPA_000659
GVPA_001422,WP_402619780.1,66ab1023a8ce45e277cb86698af0fd194e45b45bdf2c3f4cc91b5031d73fd5ed,133,primary,discovery,GVPA_000659
GVPA_001423,WP_389504630.1,c4fa2c79f01d5c4d575551d27aab6b9ca439b4420be28cc609bc46cef5ea0549,133,primary,discovery,GVPA_000659
GVPA_001424,WP_389325438.1,85560f7ee74009c3bf3963d426a0e636016d0be49073b5b85b88c68b146c5216,133,primary,discovery,GVPA_000659
GVPA_001425,WP_360996010.1,e64e008c91eaf5c047508725a48f6d354a77672caaabb41d7d17bcb2c75286aa,133,primary,discovery,GVPA_000659
GVPA_001426,WP_365672043.1,bd04b8959075cf3bef62de7a58757d51b3f6d90336beb3219f496e6ee2231370,133,primary,discovery,GVPA_000659
GVPA_001427,WP_361415737.1,0bd0e2b94bca00c2269a52013e982cc891eecb232c39458551ca1337c4b1e3a6,133,primary,discovery,GVPA_001360
GVPA_001428,WP_361072763.1,6f7cc9cbe071a3e63949edffb9b564436e4b118b92717b076263a845c16a9b96,133,primary,discovery,GVPA_000768
GVPA_001429,WP_350840556.1,0a437dff8896b4d42271bcc185dedff528ecd24cb2682c94a7390ce835d78825,133,primary,discovery,GVPA_000659
GVPA_001430,WP_314222867.1,8bada3b8a825e803c59e86f4cffef6de2d1312c5ea537122c8e57545389b83cd,133,primary,discovery,GVPA_000659
GVPA_001431,WP_301975942.1,eb6df7aa2a1ad05f1b87cb453535798e871f81964dbc58f27bbfb3b778962d15,133,primary,discovery,GVPA_000659
GVPA_001432,WP_062645679.1,7f2d23955b2bfc4252dde443331fd5ecfd110f294f2d366761d47f5e835008ba,133,primary,discovery,GVPA_000659
GVPA_001433,WP_073490988.1,9fa4628d63c6ae1dab13c5ca17ee19b8958e5db83edb85497bae44458f327904,133,primary,discovery,GVPA_000659
GVPA_001436,QJS10908.1,ad843ea9809d8148ba5da831735693bdc8c71f46ba556134ff3e43401f92f6c1,132,primary,discovery,GVPA_000659
GVPA_001439,WP_452978450.1,7c0ff21bde7d972cdb9183f6b8e34071d56ad9418b86a56938fc5cbaaa793b2a,132,primary,discovery,GVPA_000659
GVPA_001440,WP_451525699.1,b61929c19bbb7c51ae4a3d6b7c5b9e3bd782d0dd3b5b5dba3f84aef0158edb2f,132,primary,discovery,GVPA_000659
GVPA_001441,WP_451726393.1,88211711daaf3347c330ed029fecef9c73e081ef1e2a6eb025e79cf9b04e182e,132,primary,discovery,GVPA_000659
GVPA_001442,WP_393861891.1,18cf4b27b05e4682edec29c92a7e485ab204154b1e6ead8367fa86ed72eea42e,132,primary,discovery,GVPA_000659
GVPA_001443,WP_384653598.1,1f4a80df03b0b7eaa7ba8ececce5d38fdd3f754855869eb336fedd1b5471c505,132,primary,discovery,GVPA_000659
GVPA_001444,WP_427843365.1,93ebb633ea438a1748656dafddd944a4642ae5a289832417b6c3ff5037702c08,132,primary,discovery,GVPA_000659
GVPA_001445,WP_403421790.1,0166e096d19c95f3039dc89dab2bb2a1e0835d8a4b0a9d4bcc86cf2d7013c8a0,132,primary,discovery,GVPA_000659
GVPA_001446,WP_401695455.1,7fa00ed0f8d1ae80786d8631a8bf031f8e180a7da385ae9e0b2e686c389aef44,132,primary,discovery,GVPA_000659
GVPA_001447,WP_365452895.1,9152111f8bafab1dba9c56fb993e4bb94ebc31f94913c8525d23370204a765d2,132,primary,discovery,GVPA_000659
GVPA_001448,WP_397769497.1,7a2a5ebe8e6353b3ea2ab18ed4a5a0f9147302bca5459acc3d22e270a0a71dee,132,primary,discovery,GVPA_000659
GVPA_001449,WP_397645371.1,413d1a672e4d141ffa624255b53252a6444f49d1578def24aa0da4c20b89f1c4,132,primary,discovery,GVPA_000659
GVPA_001450,WP_394643594.1,c6cc5d9084d50145619348a31d6c242cd1717e463016df4fa0d4e8d4f3e35594,132,primary,discovery,GVPA_000659
GVPA_001451,WP_365582840.1,267f13d11ce6534a9805935cf98c753678d41d88ec2003dc2e0d019999a7b319,132,primary,discovery,GVPA_000659
GVPA_001452,WP_365252128.1,11ea8b45df031e825b0a1c8d12c863f3ee1e72227c37348a3724c9ad9e875009,132,primary,discovery,GVPA_000659
GVPA_001453,WP_361245551.1,f176777bb6da4537021ad21ec5aa80f134f8589b0cb7fd71f99a39b2de9dadc6,132,primary,discovery,GVPA_000659
GVPA_001454,WP_359467738.1,f95c373b7acaf7637c549a1ee819d2f876321e19ee179bfd6bc1dfcbd5be293a,132,primary,discovery,GVPA_000659
GVPA_001455,WP_330342275.1,0de6a884ac4743ac6cccb7360ae4badb3ed456b3d25e26505449447eb6d087f8,132,primary,discovery,GVPA_000659
GVPA_001457,RRO18715.1,3900cee429de46f754f184b2af9fd7aa13105b5f1fb38f576c80a033a6a356e7,131,primary,discovery,GVPA_001457
GVPA_001459,WP_453012884.1,7bb51ef6ef16f4678af7b3beab3b5b9340982a4eb34700c336439b5de0e26a46,131,primary,discovery,GVPA_000659
GVPA_001461,WP_361456280.1,d60ce68153560cd50d6863a2255a823fe256925129c42bc4f95288265ab327c6,131,primary,discovery,GVPA_000659
GVPA_001464,WP_389335851.1,208a57b4722bfc2b9c79d121bb51198989d9508736dc2c924197d5429f527fd4,131,primary,discovery,GVPA_000659
GVPA_001465,WP_358938542.1,5515572b09ac82e54a968b783f854bf87aa0fe9d73a38f1657ac1f1c973a13b8,131,primary,discovery,GVPA_000659
GVPA_001466,WP_184975809.1,e32d13a172ee010a6c76854905b345787af0a69d7c352278b68b398201b815a9,131,primary,discovery,GVPA_000659
GVPA_001468,WP_451645814.1,cd38eb937329322640912e989d901aa442e628a9b4660cae3bb0205ba0c12e84,130,primary,discovery,GVPA_000659
GVPA_001469,WP_403677876.1,40bc1822fc673ccc12063317dd1a6af7ca1d9d41b742a8e3a13b9cd2de5ca6fc,130,primary,discovery,GVPA_000659
GVPA_001470,WP_356564890.1,5522a5ab47acda3ab7e57006879ab1abae2c1d8365ff78e06928aa20e42b54d1,130,primary,discovery,GVPA_000659
GVPA_001471,WP_385074724.1,0f38abd4e0c31fb5f78f65da92a10db2d36cf48409eec553b72914c51d6f8426,130,primary,discovery,GVPA_000659
GVPA_001473,WP_343233437.1,9ca614fd27e52fcee972bbab4f1af49e80512bb54feaddfd9e9c51bb9fcd9014,130,primary,discovery,GVPA_001473
GVPA_001478,TDF58281.1,494218dd86a5136427a6fb36dfb8b455f1a0d93972c3b1c37632c9a496f7f382,129,primary,discovery,GVPA_000293
GVPA_001479,WP_445415732.1,6824de5f61d4625afe3f34daf4aa5f38da0ac7c497614190713fecd0480f9a57,129,primary,discovery,GVPA_000659
GVPA_001480,WP_406723594.1,daf759502a08b8987fd22951a58fe1863321bd66b25eaef1706fd7b91cbe8751,129,primary,discovery,GVPA_000659
GVPA_001481,WP_386359558.1,fc736e182fb93c4b2d23eb91686fbc4b46f8f898fb2be8336ba5a0a506adeb06,129,primary,discovery,GVPA_000659
GVPA_001487,WP_454314884.1,29c6337160f4b1fe7955d5578b54600f3c456f3b9760c82a1889a074c9e3e5d7,128,primary,discovery,GVPA_000659
GVPA_001488,WP_451524171.1,fb6f3c78c9ea5c06e987a0cfb31e7d586b62703b0d38730ce56149c65db2f41e,128,primary,discovery,GVPA_000659
GVPA_001489,WP_391001749.1,05c1e0ca31d55b503f8e70291847f9c75eb79feb8718c929d7b6c4372a6c39a6,128,primary,discovery,GVPA_000659
GVPA_001490,WP_393406947.1,55a6f29f905e08b9f71ba2123b43744672686010948f37f4c07c1d6af3a19478,128,primary,discovery,GVPA_001490
GVPA_001491,WP_363283670.1,5eb1ff1f6ed28ad974eec1c9e11fc96a6b6bb1a1497a8e5e6724a172fdac541b,128,primary,discovery,GVPA_001462
GVPA_001492,WP_094051611.1,47161f94e8073d07066a5fcbb2f84b0be82ee9c9d817af6b90a72acfe5137525,128,primary,discovery,GVPA_000659
GVPA_001493,WP_260827586.1,ec99e51a22b22189458e5975d10bda64e4f300f6cb214d2f593e755fd49bc18d,128,primary,discovery,GVPA_000659
GVPA_001496,WP_391034791.1,fd259d95c44731d17bd890a8f95e98f8fab6b5728f1cca9069117c6f972c0759,127,primary,discovery,GVPA_000659
GVPA_001497,WP_392033063.1,c16f245272adda6dc42ca2b7d122606aa9a12f5622de400788d43642746d5e8b,127,primary,discovery,GVPA_000659
GVPA_001501,WP_389088898.1,1fbcb98269dfd9c67cd2ae6aa844e16360347294673cc5c9e31f95f28c717408,126,primary,discovery,GVPA_000659
GVPA_001504,TME99299.1,87a8500658a3b4189ba76a2f3e301d41ca55b3f564f24b2575ac71ce8b2378a7,125,primary,discovery,GVPA_001504
GVPA_001510,QKW25263.1,5e472dccb31c74a5aa225663d4abbdb2c830d7b6e824ebdc30e0a4ec35ba6322,123,primary,discovery,GVPA_000934
GVPA_001511,WP_358797125.1,2b318752db3e19e2689bd40042ddee0f03b6ed4f0dff2fd42bd250373dd4793d,123,primary,discovery,GVPA_000659
GVPA_001516,TKT04194.1,fb6c8c97ba8f5ddf3d9706a2fb806d398ab3c1dad722a40c1067fffad8c26fe7,122,primary,discovery,GVPA_000659
GVPA_001520,WP_390057646.1,b6c74e6c03ebdb1e0a26a8b33988ae34c5798e5aa1c72b37e8afdc81f31edde0,122,primary,discovery,GVPA_000484
GVPA_001525,WP_344012484.1,6ce86fb7a1add1d59a7306efb42aaa9963e207b417b2afde155bced97a227e21,122,primary,discovery,GVPA_001525
GVPA_001527,WP_362996230.1,3d0c2cb6b361f39106d1114024e1408d206ff72b8c8b2e51f2149c82f4199ea8,121,primary,discovery,GVPA_000659
GVPA_001528,WP_450920938.1,5b6441e1ced87d8b9ce4367843ce3716fa2e962ee9badd057d4a222a012a0b8f,121,primary,discovery,GVPA_000659
GVPA_001532,WP_404203059.1,406d331c5a488d708d5d786df16f8d2ea61c252be0adcee84a877a8be22a6cb7,121,primary,discovery,GVPA_000595
GVPA_001533,WP_398369633.1,ddc3187b8f85dbf059193b54262cef1ee4197a11d7b8c88ca318bb2db253d52d,121,primary,discovery,GVPA_000659
GVPA_001534,WP_385244831.1,ca95419de4b3a82144ba20741a957f5ac2eeb870778bc864dc2e864e0be958ce,121,primary,discovery,GVPA_000659
GVPA_001535,WP_385016242.1,0d27ede2575984f373b90f0dfa49c93d72471b3d87bd7f07f5a57f73149d925b,121,primary,discovery,GVPA_000484
GVPA_001536,WP_361025614.1,1698feeb72e0520cefd5aadeda8103da696b574bf7b4daf45233a0ce940915c7,121,primary,discovery,GVPA_000659
GVPA_001538,WP_106411896.1,4be5e3fa452efdfdc79dc3cbc6f5a1c6f0f7509a0ca09def379cae2caf54f3aa,121,primary,discovery,GVPA_000659
GVPA_001539,WP_149551216.1,1345c8aedb2be50f13a17262813861023eca021bc8d498576d8da7b03ff3f751,121,primary,discovery,GVPA_000659
GVPA_001540,WP_055574754.1,9cc7d3da90b17e5f4c2d76b4a860afca84632b72f233667d68a4e0df22b73dd2,121,primary,discovery,GVPA_000659
GVPA_001541,WP_037928695.1,90beec392b367e6b09eeeffbd44ae50cb0fe6706d360a4816419ba22334d4ff2,121,primary,discovery,GVPA_000659
GVPA_001542,WP_269782710.1,7b672bf4b057eba2ffac19a77bca9f9a17a008432a90a5b77201f2e6c3cc6e24,120,primary,discovery,GVPA_001542
GVPA_001547,WP_316679069.1,b017d8236271e13a1522a8ef3c3e41b212de7d09a483ea1ebbfd4dee7dac5625,116,primary,discovery,GVPA_001547
GVPA_001550,WP_171164264.1,5e9a9badd5481f93deb7077f6262099b305712bb8747404b439a37454ec9d8f1,115,primary,discovery,GVPA_001550
GVPA_001553,TMA26018.1,7845532927c4b5293260a4cd29d380494ecfca8ac531301bf73ca0d39d90df7e,113,primary,discovery,GVPA_001553
GVPA_001556,TMQ25043.1,d5bb87bf4e235bedc501522385c86895995d1250c48985115e405286aaf47768,112,primary,discovery,GVPA_001556
GVPA_001557,RPI57548.1,1a27f992ecdd50003a71e75988404426048be2d79e630f72b1a47b65be26eb4f,112,primary,discovery,GVPA_001557
GVPA_001558,RPH57353.1,a411b9578821ebd5c542d688f4401fe82b15d073d57ad83c7df5437aee21582c,112,primary,discovery,GVPA_001558
GVPA_001559,WP_124955529.1,9fd0842a53e077dc147a850cd8d6e3deb845fe96e9ea825b3c2e830bac3b6ea8,111,primary,discovery,GVPA_001559
GVPA_001561,WP_264556325.1,4a87fc740463a61b2d05a11bcb05ac53e96820f7fa9f523dbb26076210cd1f90,109,primary,discovery,GVPA_001559
GVPA_001562,SOU54423.1,e143ea59b8d9a4d43f7f67d971718d1dbeccf963d22a28034869b3cb15a3304d,109,primary,discovery,GVPA_001562
GVPA_001563,RPI52091.1,a43d54bcf1647af0ad4475a3a95b2a2131e6b3c31f029808b51a3d44d735ca16,107,primary,discovery,GVPA_001557
GVPA_001564,TMB40953.1,edb33bb5339a601179c3d4e46018feaddcc8a11d655db37ca570f0a9747c38b5,106,primary,discovery,GVPA_001553
GVPA_001565,TMB22695.1,8a9075cc70e4abf1cdd6e4f199756a39be575bd744d2276b4b94436f545df6b4,106,primary,discovery,GVPA_001553
GVPA_001566,TMB11007.1,cba78b71a8f2064080b993a402494170b50f82ba36f1bfbb4de571c2d1f1278b,106,primary,discovery,GVPA_001553
GVPA_001567,TMA16803.1,0c688adbb839c3500a2a8d3e5c3e0e3ada2076ecb96667da4dc762ce2a598af6,106,primary,discovery,GVPA_001553
GVPA_001568,WP_089821089.1,457c7fa4e188543254407dcd7ec0b9f4c753a7f7645e0d50bffe5dc2233d678b,104,primary,discovery,GVPA_001568
GVPA_001570,WP_049997333.1,366f2df371810fefd4a476802671222a5ca10961b020d4cf8ece4a47f03ab609,104,primary,discovery,GVPA_001570
GVPA_001571,ABA81182.1,0a401afaf86492fb327e5708b8bfd94340bb793e90de929428e31e9cfad6c8b3,104,primary,discovery,GVPA_001571
GVPA_001572,WP_049893539.1,70724efd897d81dc16e2bdbc3589fa7441046ed49245f06ce63218699b619185,103,primary,discovery,GVPA_001568
GVPA_001573,WP_094525166.1,2c92df9e3660ae4ae496e54c73138cca30fb4548c57f0128289efe9f3f7cac36,103,primary,discovery,GVPA_001568
GVPA_001574,TMB06394.1,645007b4b73e993ab4258a4c149bba12d4f665798175eade0ba58de044900452,103,primary,discovery,GVPA_001574
GVPA_001575,QBI18689.1,5e0fd9396de9eb96ed12c33734db480506073a958fc2ef219713181fa98c8eb4,103,primary,discovery,GVPA_001575
GVPA_001576,WP_267623160.1,dc2b0da282a1a334132b94fa6b433ee40a84ca23e7aee931a5e7e57eca9070ad,102,primary,discovery,GVPA_001576
GVPA_001582,WP_246971313.1,36bb407811468e3b13d90e626301deeb01927eea89c4e17ceb13648826572d8f,100,primary,discovery,GVPA_001582
GVPA_001583,WP_257448585.1,261427cf6474f66e5844d86d152c1d1da25033923e42ade13bf24ba1363a06e2,100,primary,discovery,GVPA_001583
GVPA_001584,TME42730.1,4976e4ff6eb7da7855517f842bd9a99cbe6e3ecd80042ea65f59391ba1e50250,100,primary,discovery,GVPA_001584
GVPA_001585,WP_254765721.1,c7cb28cf54b6a88ff785e5323cd1bdbffa96279c0b39492eeb6a14c7568905bc,99,primary,discovery,GVPA_001582
GVPA_001586,WP_250872509.1,84eddb9c9ecca10afd5a775c11e3d7bab42a1aff8c6bad25b1b013a542f3bc54,99,primary,discovery,GVPA_001586
GVPA_001588,WP_173918086.1,d7a9007355adf4811ce9527f12867b4c5e1906f6bbc68b19607ff08cc3491071,99,primary,discovery,GVPA_001581
GVPA_001589,TAK35800.1,e9fea93db6718b7a5af5b6d07d82d113dfeb25aa7e41c10b9c3d5df5801f2853,99,primary,discovery,GVPA_001589
GVPA_001590,WP_011523206.1,3a3fe29b7daaadaf3131edb18ea6ffdc6cb6eef2fb4b06ffffa81866f20a1290,98,primary,discovery,GVPA_001590
GVPA_001591,WP_290814024.1,833a1708482ad34125e281ec9a7bb5ff185d6b74e637c9a4e71748011be93051,98,primary,discovery,GVPA_001582
GVPA_001592,WP_289215673.1,b09a8337edbf59a7c5c366497f4a539d08db637110ecd96131eec6f501ce3d61,98,primary,discovery,GVPA_001581
GVPA_001594,WP_082231972.1,bd1bbd2e9fa260563cebcadce402f2c30a6d1471c265e92ae830c79b9cd6875e,98,primary,discovery,GVPA_001581
GVPA_001595,WP_101841863.1,911977f51fb32fb01946dc2bed8313d1fa9c4cb458417285b80e1d0b4af36425,97,primary,discovery,GVPA_001581
GVPA_001596,WP_336364362.1,ad18f8d7fabecf9750fb27c42b42c14e2c5be22222525e8903b790ab878114cc,97,primary,discovery,GVPA_001596
GVPA_001597,WP_406944744.1,61cb6f10b13fb11f910f8f21d07836e35e17affcc38af420a8aad2bdf75ef91c,97,primary,discovery,GVPA_001581
GVPA_001598,WP_394342364.1,38b03f42eea75fbcc3e05c70be0e2c7ed52af564e56f9e4974caed8e9dd2d76f,97,primary,discovery,GVPA_001598
GVPA_001599,WP_254863316.1,dca06c4ca76aafac96e935b72d0eee29c4619e4488f965d6467f9755e642ab6b,97,primary,discovery,GVPA_001582
GVPA_001600,WP_254535116.1,c5a4c69d0879da5e661497a4711c5ba745137829a29919810698fe674bd10d27,97,primary,discovery,GVPA_001600
GVPA_001601,WP_247729007.1,2257aec2c4abeff42ec43bfebdc376d024c4499995e46a6ba2ec53fff8ad6556,97,primary,discovery,GVPA_001582
GVPA_001603,WP_007704306.1,3d7fc725cd17cf23a73cdd2fb181a785b4c0ce2fd640f88c1f716c829b659260,97,primary,discovery,GVPA_001582
GVPA_001605,WP_188376898.1,51eefbe258bc538937c4fe739b0119b2771961736afbd2f153652889eb0743f4,97,primary,discovery,GVPA_001581
GVPA_001607,WP_085028932.1,2b3b9522031fea2fc99619d007c1d5fa385bad34d2c5516714d94b2414595483,97,primary,discovery,GVPA_001581
GVPA_001608,WP_035542538.1,fe955d4fbb111b30864b991992428f563dd8d59899df0593d03a74fe036dedc5,97,primary,discovery,GVPA_001581
GVPA_001610,WP_306756674.1,fca422d4ddd5dcd65605aca73a48825de01049d9d8a1773ef99115068238d3f9,96,primary,discovery,GVPA_001582
GVPA_001611,WP_256531060.1,461115b7000bfd74f56636de688b3e75d1a99451a35df65d49a6e139de49cbf1,96,primary,discovery,GVPA_001582
GVPA_001612,WP_255193947.1,fa2383cbfbff83286c6190e5f9ab210e692563b8c092e007a6f07b929ad5936a,96,primary,discovery,GVPA_001582
GVPA_001613,WP_207288917.1,1aef09f774a1818b7e241a497f1019c8c5004db4b09485bc075fd1124e5b6cfb,96,primary,discovery,GVPA_001582
GVPA_001614,WP_165161358.1,48f4fc548c0153a5775e2d82043989ed247fc9808988e192c6cac4754329cc1b,96,primary,discovery,GVPA_001582
GVPA_001615,WP_114575686.1,67dd37821af98e87666e5a31bf3f8cca05fbcdf425b9706e6853ca251f145d21,96,primary,discovery,GVPA_001582
GVPA_001616,WP_281658544.1,6fee2e0959e28f7ad2d6a6b8e1a180ea8cf86b5d7f2e7d0625a0d9b4d1c7c3b5,96,primary,discovery,GVPA_001581
GVPA_001617,WP_244709876.1,b57aea053dff80c6482c73ae4d65951ad92817758d08bbac48f2486c643f6b1d,96,primary,discovery,GVPA_001581
GVPA_001618,WP_160838115.1,a93e3ba867fc0e432d17b97613e9dae64c4928702c27a2a4ab768499b29c6b65,96,primary,discovery,GVPA_001581
GVPA_001619,WP_104057594.1,5de637450d4d853bfedabcfee0dd79695d17f9027039e6d680b7e752c77448e4,96,primary,discovery,GVPA_001551
GVPA_001620,WP_075035376.1,68925098711d386795ce552257730b7156e2f452edf3c2911a981f538ea82177,96,primary,discovery,GVPA_001581
GVPA_001621,WP_035506199.1,43f6e7e097fbcc058a96545cd9e127c321381c2c301463b5d55b5aa6dd1827f3,96,primary,discovery,GVPA_001581
GVPA_001622,TMD60215.1,293bbe16422381ce3aa42b39297ce04c5451bf7c46fe496d6ca6597ccf5f6e89,96,primary,discovery,GVPA_001622
GVPA_001623,RWZ51342.1,c687c03de73260441f0a532a26b5d6e6d24c6cca14bb27cefa681efe8f9a05ae,96,primary,discovery,GVPA_001581
GVPA_001624,WP_440769334.1,38cb7bda240a833d36b384add457f6a14c4bac92c8bfa58639724187005025d1,95,primary,discovery,GVPA_001582
GVPA_001625,WP_440765493.1,3dcd4bf22b7bbdb49d82bd3c0ad5243535489009f84e98c6150ccd4e5dc08f1d,95,primary,discovery,GVPA_001582
GVPA_001626,WP_436345017.1,144165ea4d3ea8a64b2e97fd557e53d485b05e168aefc547e39ea8dc8fed59dd,95,primary,discovery,GVPA_001582
GVPA_001627,WP_007143586.1,4482775e0979509e45d23f6ca737a7fdb6814c225930bbcb113f82d33d585228,95,primary,discovery,GVPA_001582
GVPA_001628,WP_407039562.1,7d8f193406ee761e1417644f12663163f20f02aa96aa9ac9a3e9967ae45736db,95,primary,discovery,GVPA_001582
GVPA_001629,WP_149081285.1,b47c8eec954491beb71449c63366fd48ba5dce86743a074cbdbe978a2a2b450c,95,primary,discovery,GVPA_001582
GVPA_001630,WP_339102459.1,07f90c8c92dbdb92b94e1c4becf058d78867504d7c200a8ac59420a67443e648,95,primary,discovery,GVPA_001582
GVPA_001631,WP_336343652.1,65113288b099887ef152fd6bb6ea78fe9b22499732ef2573c3ce4e6c82f19f7b,95,primary,discovery,GVPA_001596
GVPA_001632,WP_312909280.1,4d4e00d31d935ed0527dea10b018697cb7c3f72bf199a24b36075804bc95f4cd,95,primary,discovery,GVPA_001582
GVPA_001633,WP_285927312.1,9fda348180c612303cdb7da49eec263f1c4a969cd97d7811ee7730f5dc5f4d4e,95,primary,discovery,GVPA_001582
GVPA_001634,WP_283836894.1,0145b7d0415b25474bf7a3c8e0a8c493009e798905f413a70669e51a92c9c25b,95,primary,discovery,GVPA_001582
GVPA_001635,WP_276254240.1,bf00fc1bb4a6bea076a5150d4d94cbb2a3a41994343dd8761a39ebcf83a45c14,95,primary,discovery,GVPA_001582
GVPA_001636,WP_255167832.1,0ae199fc6d044a2da1351509b524fc07b4da56bff0ab0a0763d56a10601c206a,95,primary,discovery,GVPA_001582
GVPA_001637,WP_254532508.1,d6e9dabc7155ae370ddb09e0bae20bdbc48caa253ce39756dca03bc4a0e50d8b,95,primary,discovery,GVPA_001582
GVPA_001638,WP_254525374.1,05a00477d12701f3890c1dd96656653d2f67adee9a1f126760ee634cb9b35334,95,primary,discovery,GVPA_001582
GVPA_001639,WP_252700730.1,f49fe3672d6fdfda7cc7ec0b9a4f54af44ee8f53326ed5f3c0b281e5a61cd93b,95,primary,discovery,GVPA_001582
GVPA_001640,WP_250874940.1,53979ea823175001b77b6bbf60f4288bd1629111bcc1c87c4ca10c6e175c17e6,95,primary,discovery,GVPA_001640
GVPA_001641,WP_247416651.1,0a5813d34fb4f832fd7d9748d68c12fae82607f9da230322e66fab8afe74727b,95,primary,discovery,GVPA_001640
GVPA_001642,WP_222918710.1,4d722634e257d2a7d1338858bded9b52176fe2d51e0d0507a808dd93b62c2a49,95,primary,discovery,GVPA_001582
GVPA_001643,WP_207289157.1,4dc9c1477d3d6b181da7459081875eca89af9f16bfff711a31c8124578309943,95,primary,discovery,GVPA_001582
GVPA_001644,WP_138780111.1,bda4e304d446361a159c993095577115b3473052d3000dd181865e8db68e4361,95,primary,discovery,GVPA_001582
GVPA_001645,WP_124177937.1,7ee1d64f80049d71603c3af6a49d66d0c0f9785517dba1e88c751b17d25cee31,95,primary,discovery,GVPA_001582
GVPA_001646,WP_121744691.1,9ba949b2aab9e2be689813d4dd9d11381224286210801b51bf61c9dc7415dff2,95,primary,discovery,GVPA_001582
GVPA_001647,WP_092931071.1,d80e058d93177215aa4b827adc631f2a7322ab03a6cae75ab72c3d5738e3ecab,95,primary,discovery,GVPA_001582
GVPA_001648,WP_049954064.1,edcfcd19baadeee00eaf88cd06aa255a44d20962443de37c5e4e6f69e5726912,95,primary,discovery,GVPA_001582
GVPA_001649,WP_012996341.1,d5d6f3cedb33fb3328b601b229fc76346413f748702fa12fdf520f8cdc8519e2,95,primary,discovery,GVPA_001582
GVPA_001650,WP_006108429.1,d07d112598796fe30d761bb0dee53a532c60b6f2660ff50f32e5608f27b8723f,95,primary,discovery,GVPA_001582
GVPA_001651,WP_416285140.1,edc787924d6392f7c1f5e5e00d1e49e457b29997f69ad3227883a383e8273b5b,94,primary,discovery,GVPA_001582
GVPA_001652,XJC71161.1,8189ed3c9ac18707f54985fd1f832186b5ab06ffd03b98d13b6a5a880b456e0a,94,primary,discovery,GVPA_001582
GVPA_001653,WP_252487173.1,943ce15fb7773fa3a769b10eef21ff74af8e9455a035ac627206a70f67094829,94,primary,discovery,GVPA_001582
GVPA_001654,WP_342809826.1,004ac7839755349473240380f645fff65b298b81cd7212d8be9f25d268874df0,94,primary,discovery,GVPA_001582
GVPA_001655,WP_306059442.1,d4bbfd09a62903f1dd61a6f9ad8db51b9835b18fbf9766c780f6719f9f1e9643,94,primary,discovery,GVPA_001582
GVPA_001656,WP_267643774.1,98f6b86d7ec22351f58755ea2828f25a3b1ca8417fd303b5540b3d023933b12d,94,primary,discovery,GVPA_001598
GVPA_001657,WP_256394859.1,941dc16f5af7d70127ae0c0e7203c2ef799137e2454fcbd39a483297c7446912,94,primary,discovery,GVPA_001657
GVPA_001658,WP_207269842.1,dbd11e06d90ad48401af88eed365b119c47a8a6791e5241aa2c7c16325b4a749,94,primary,discovery,GVPA_001582
GVPA_001659,WP_092903619.1,dbcea97f4e8354ba3556f158a30c55283df4e86ebf04d7cb671a0b5bc988481e,94,primary,discovery,GVPA_001582
GVPA_001660,WP_076429430.1,13cb78a146ca0e28f916d09fa12a36f962f1909dec115df8c0e38ff362f9dc82,94,primary,discovery,GVPA_001660
GVPA_001661,WP_050050395.1,64863b5b8a6b08db9fd70b7ba62bb8445581113adc87bf956801db63e08bcc12,94,primary,discovery,GVPA_001582
GVPA_001665,WP_276304827.1,3dd2d389f45d6f0511d21268defb0f34c51a26455c8e3504fb137cf688b87ebe,93,primary,discovery,GVPA_001665
GVPA_001666,WP_263019417.1,140f5823a50b88bf41c9cf8f0ecce11b98c5f03d7189a529d0efadf5d087eb18,93,primary,discovery,GVPA_001582
GVPA_001667,WP_256392402.1,bc61cfaf37743c96bcc099f173009a97501e9412f819aabc6f95ac7091dec987,93,primary,discovery,GVPA_001667
GVPA_001669,WP_211555852.1,4138c2817c5b6dca65ea4991f26a8a58b0a6d5287da125ce6caec306e7a7834d,93,primary,discovery,GVPA_001669
GVPA_001670,WP_155113886.1,26e90ce65ed710949c0616c1d01bf8d9c4da5391309914744ead4c7070782daf,93,primary,discovery,GVPA_001670
GVPA_001673,TMF54926.1,88a5849d844a993c6153b7011c8e8d7e6aee56b5dadca4b7ba4e09d9400e0c83,93,primary,discovery,GVPA_001584
GVPA_001675,WP_128525920.1,969159e68bc0479327cf12527c848f43e276e0d12b14db7fde40332a3c5adbe5,92,primary,discovery,GVPA_001581
GVPA_001678,WP_304447146.1,fd90bc846ac4fc169df6b72c6d79f22f65e19b6288aa31b62ee0ef2b7fbcbd95,92,primary,discovery,GVPA_001665
GVPA_001679,WP_254160480.1,75679c0d4db585656573044908e13a67effd912339ddc8eec2ed6e7a995e9417,92,primary,discovery,GVPA_001582
GVPA_001681,WP_247995707.1,a7ccf9f8dd2634fb8865a974bed75f2eb951c05b029415bc1b95e882706a1adf,92,primary,discovery,GVPA_001681
GVPA_001682,WP_226041793.1,d4ba65189ba86a477cc5ef0f66429d8e911333cad147cb074025253abb37da7f,92,primary,discovery,GVPA_001582
GVPA_001683,WP_124954518.1,819a3c6792d744ecbd3df054e47bd22e8778614360a65140831dcca62f2baa9a,92,primary,discovery,GVPA_001681
GVPA_001684,WP_090618336.1,81de2b78d291d512c1e2b89ae8836cdb922d557f92f68910cd6dc03255675b39,92,primary,discovery,GVPA_001582
GVPA_001688,TMG72181.1,a58248d53d281c64e133dcce7962d3f4b3edbab46c53e8269642966a9a5260d7,92,primary,discovery,GVPA_001688
GVPA_001689,TMG57095.1,8caef9888ae4f240075915cc4d5cb0658657705568413f005e3925061f2f033f,92,primary,discovery,GVPA_001584
GVPA_001690,TME28132.1,bb81c8e7971fe4b61e5fc753409987b7910d293afbd92cbba5acc955c517c5bd,92,primary,discovery,GVPA_001584
GVPA_001691,XVH31159.1,ce9c7c0f4a921a6df25f652bb1811bf8635281860e4388d9d7cb32fd9cff1298,91,primary,discovery,GVPA_001691
GVPA_001695,WP_421653262.1,0283d587032de178b6667e22ede30dd9a57c5ae7754c025d23503a3db3153be9,91,primary,discovery,GVPA_001695
GVPA_001697,WP_224270101.1,0a9ee98cbcc2eabfac385b890fd7bc5f1682f6995b216b438dea5feb6bd62e2a,91,primary,discovery,GVPA_001697
GVPA_001698,WP_129115144.1,0e8669cb5fbefecf56bd1697b3d2dfc1f02ea47ac89f424acb6d55829e1f6a88,91,primary,discovery,GVPA_001600
GVPA_001699,WP_129113450.1,0e5f42f63b697d7ae2522db4cc4e4b767a2f9bc60f48d1dbe33481842d755da4,91,primary,discovery,GVPA_001699
GVPA_001700,WP_101296553.1,26dcc139685992f211f4708924a3a2106e0b1eedf1891ca88bb45b364bfe0ced,91,primary,discovery,GVPA_001600
GVPA_001701,WP_231788133.1,07bd0e36be9cf6488fb783678d2839408a08e465eeb513fd50df7c54ed244c5b,91,primary,discovery,GVPA_001695
GVPA_001702,WP_181347943.1,c740155726ca8561a0237b2904e5ad28e95620f8bdb7251f4152bf37a2d904ac,91,primary,discovery,GVPA_001581
GVPA_001703,WP_121524050.1,d90ba4fc5295a2ed9e09eebb2759be6e487a9029759dea5359dfc98215e6c863,91,primary,discovery,GVPA_001703
GVPA_001704,WP_093212467.1,081e6fae1d79d93eb37e06b9b36a9051ecbb063d6869383bf5e9695311682261,91,primary,discovery,GVPA_001704
GVPA_001706,WP_077623669.1,37c770390307a882825ae06de4d5b1213449231d71102a747072ae9c106c3dec,91,primary,discovery,GVPA_001704
GVPA_001707,TMG46273.1,3ec484c1a7887ccc0b6ebe3e90feee7836290d488efe657c86de50965c886415,91,primary,discovery,GVPA_001584
GVPA_001708,TMG36702.1,57d398b0c5024988a9a0626eaac3536f92699e2560bb1b814b6af997efa5d467,91,primary,discovery,GVPA_001584
GVPA_001709,TMF26907.1,2bcf358e84b3784761a40f0593c862546bdea01fa1dce7b7d8158c15f82cbade,91,primary,discovery,GVPA_001688
GVPA_001710,TMC75579.1,97dfd29cdd6e4647097c950b03c768236471efa88cc36d20f48b81e4c8cbbfbe,91,primary,discovery,GVPA_001584
GVPA_001712,WP_320156897.1,805855d37a367a5867e37119f6d4ca11ce3a9771efa51ee1d159b4bd843f912a,90,primary,discovery,GVPA_001712
GVPA_001716,WP_224332750.1,e31d0685f6a3fa9a63fd6193f3d90958501acaa75a873ac24a4c438b68d2330c,90,primary,discovery,GVPA_001697
GVPA_001717,WP_097009060.1,b872ca2d5a2d145dce354d36d77e70eb10a08b2055989b6d954f684f6957713d,90,primary,discovery,GVPA_001667
GVPA_001722,WP_101646903.1,398b1c22d526b2f32567fe21c2089cb78667eae574f99061bf43c7a7a6d3afc3,90,primary,discovery,GVPA_001722
GVPA_001723,TMC74865.1,f8a55a5076a5ff74a99699bf4c5407fa2074b6346e6271bcf678f69bec4824a0,90,primary,discovery,GVPA_001584
GVPA_001725,WP_413242310.1,4a871af101af640b6e2c4613cc92d8574a387d76bed376472736fe356f550e29,89,primary,discovery,GVPA_001551
GVPA_001726,WP_331236528.1,1a264ded2f369ea42fdd34a334cd2ef3dc4ba698cda2beaf20dcacfe667afa25,89,primary,discovery,GVPA_001726
GVPA_001728,WP_160098649.1,af18bcf2e4b0e65e7263498986dac3759cf19b503ad1c9afc56cd94b8d10fd6c,89,primary,discovery,GVPA_001581
GVPA_001729,WP_154306363.1,a1aca46bcd6c4b9b05ebac7cfeeab09e2c72a59b78687d8e31b1537e10eeacc4,89,primary,discovery,GVPA_001551
GVPA_001730,WP_133377284.1,6d7cf2e541fa269a8a552305d6f8ffb990af63631ee89181d549a46abaaee09a,89,primary,discovery,GVPA_001555
GVPA_001731,WP_120191650.1,c7c2a6d15e1ef7e082fbef8e2ae4fb5190226adbbebca7ef166a9995a882bc1b,89,primary,discovery,GVPA_001731
GVPA_001735,WP_022794406.1,98944d24da61fa63ee273760c8aefff575f8e518609e95c855fc9b4829e66579,89,primary,discovery,GVPA_001731
GVPA_001736,WP_342825632.1,8d9ebc646f6fec623f00ceeb9030112286df2d5d8f0f5344df448c0444b19877,88,primary,discovery,GVPA_001551
GVPA_001737,XXM72724.1,a16c69ff4d6574406deefeeea27f16d1b96b050cc0bf70bb1f568109cea75374,88,primary,discovery,GVPA_001551
GVPA_001740,WP_217628970.1,970873de163a6ff8ee058480a3869a5416b54bf5594fe27fbb5156104085a425,88,primary,discovery,GVPA_001582
GVPA_001741,WP_375535661.1,4b81ad5ffa833d3eb41268ae249d1a9cca6a34f987f4c8eedd5e5477becf8871,88,primary,discovery,GVPA_001731
GVPA_001742,WP_179171077.1,32fcf9c5b6202c499dc1a79030b4ef28d478a9d90e34a12676f797ac6b5f169d,88,primary,discovery,GVPA_001582
GVPA_001743,WP_307394734.1,875b3015b17030bcf076a0d5b1a999e347b40931a5afd4181a01724d96df1a26,88,primary,discovery,GVPA_001555
GVPA_001745,WP_089201247.1,7017fbd8c94374540f0f5a45f5801347ea8c5d0c19d9a5624dae9c0ba43c8045,88,primary,discovery,GVPA_001555
GVPA_001746,WP_078392697.1,9d924853eeaeacd8d6769acf65a9a563bcbe4118b6939ea63b43e53ca6cd0cf0,88,primary,discovery,GVPA_001746
GVPA_001748,YCA44208.1,c5a5f8d3e0297c749df71e201b09661efa435db12251191f1fed09764031bff7,87,primary,discovery,GVPA_001581
GVPA_001750,WP_335537523.1,1d2eaab6bc1405efd0c8e5ab7312219bec44e62cde1589a104d7f3122aeaceec,87,primary,discovery,GVPA_001722
GVPA_001752,WP_309192103.1,fd49c343614a605c0f408c1059dfd9e3f863077071d8fcc71280dc5802c3028c,87,primary,discovery,GVPA_001712
GVPA_001754,WP_332099299.1,b9d147aeaac9ffa9d0f345cb4414f298f5fcd7bdcb541313ba9f90ed1cf3a920,87,primary,discovery,GVPA_001596
GVPA_001756,WP_253517921.1,6b94719ca1a990ee1d8f7fe4a2780bb99c98d3599cd6abe8080921d204b422e4,87,primary,discovery,GVPA_001667
GVPA_001757,WP_380704376.1,b258e8dfa1451eaa6d09e0b4add2594f4ff66808a1171e673e2a064015b0995e,87,primary,discovery,GVPA_001757
GVPA_001759,WP_286043823.1,ce5dc523b5749c0ad99a93b9d53e7343c2df1a582dcc1045a1caf959b34254dd,87,primary,discovery,GVPA_001596
GVPA_001760,WP_224447735.1,c477483bf308ed286dafd66898b1afa93f47b811493f49b76b651d0d3dcb7403,87,primary,discovery,GVPA_001697
GVPA_001761,WP_066382543.1,7bd6d00159b2d7ed0289baf8dbbc0ebb56120ef74e8b85de6d4ae75633b37760,87,primary,discovery,GVPA_001596
GVPA_001762,WP_054860102.1,9fe918e0f2a37590ea6b48533fa54067a87fbe8d176306f0c916781b3212fd6d,87,primary,discovery,GVPA_001551
GVPA_001764,WP_062232702.1,243a30af717d5651d5faa4134b52c94ba27cbaf36cee25267a21eee2dd07a50c,87,primary,discovery,GVPA_001555
GVPA_001766,WP_257347630.1,a182ae3bb53ca39deed17650eea46611759fd6620025359944037de10519f372,87,primary,discovery,GVPA_001555
GVPA_001768,WP_155113280.1,61426f7141080b783b8bad001f76e67d408f7293a1e1dcd5af4fbcc8d86c19a6,87,primary,discovery,GVPA_001746
GVPA_001770,WP_122899492.1,a456b71634370e28c157ca1e8ef52833b6df4095e4c2400b03e14dce0db3065b,87,primary,discovery,GVPA_001581
GVPA_001775,WP_066205542.1,c9bd062078459f51006074f80a50badc1adb85ee5c75397b239f22deb218ec7f,87,primary,discovery,GVPA_001551
GVPA_001784,WP_316572692.1,499d1d5d62f7019687f3b0059c07e37c33752b65b36ec66eebc2e45d4f2fa3a4,86,primary,discovery,GVPA_001784
GVPA_001785,WP_290399117.1,fe5639b3f6715383286aeb1b876f8ff0584cb9b9687213268c0fa3160ccd0d10,86,primary,discovery,GVPA_001555
GVPA_001786,WP_341982146.1,fa3ceb760df75c71ed088b41a6a5cb57560dd57584efea5c666da3bd00024593,86,primary,discovery,GVPA_001555
GVPA_001787,WP_335961848.1,45c7c948c17d40fffc2fecd18e8eb9f993cd3d908fa5567702d7b7dfc4518927,86,primary,discovery,GVPA_001551
GVPA_001788,WP_049665784.1,b57946b3f69a165a32688ee14d0fee5bcea63bf4d3ebf9eda46125a5b0948414,86,primary,discovery,GVPA_001551
GVPA_001792,XNY92307.1,0844cfaee9f234d540b527333f1f62a06e990377372b5ef2abf079432a623702,86,primary,discovery,GVPA_001551
GVPA_001794,WP_332101109.1,76418c5d471b2873e6bfd66246e1ddea8c46c09677d508ca4d85d7ddc4b66838,86,primary,discovery,GVPA_001596
GVPA_001797,WP_219165518.1,ce3165ca201b0c8e2c6c06c285e1bdb19d53d60ee32c4a51fbe5f2bfea086a03,86,primary,discovery,GVPA_001551
GVPA_001798,WP_331233287.1,edf12e96625a3cd498543a51165a1fe2582809ab9abb59ead2892e6153bce04a,86,primary,discovery,GVPA_001798
GVPA_001799,WP_286046597.1,0aeb545239a28bae61f99fbd60bce02d7f124f3277108fc0d913126d6222ba8b,86,primary,discovery,GVPA_001726
GVPA_001800,WP_227775558.1,abe747a6a02da3a854f904f55ae2e270b0dcfdd0a91bb243b8122f76ca1b6701,86,primary,discovery,GVPA_001800
GVPA_001801,WP_066384857.1,019e8d05123166c4099d1d78d61a60881e08c412015de540a5f80e9c1fb5164f,86,primary,discovery,GVPA_001726
GVPA_001802,WP_159869007.1,2549c61eaa1c68f7925735451d0233352fadb592c390b0c9932c51733d5a24e6,86,primary,discovery,GVPA_001551
GVPA_001803,WVU07371.1,8a83398f0d99493d45ad5413f5bf4c872bbeac83ac2a2ff0f3dae7946cb25e3f,86,primary,discovery,GVPA_001551
GVPA_001804,WP_102414373.1,de4f0d0b434811184abb8b052f38372135b3400cefcaf1e93db2f3dce59657e3,86,primary,discovery,GVPA_001555
GVPA_001811,WP_224875779.1,a97455c28a62de8f61f44e2f9bdf762bf4d323e39305a2188042fb29f5d0070d,86,primary,discovery,GVPA_001695
GVPA_001812,WP_215831984.1,5d4bc3951377fd2faff773917b35ede7c69196d80c3091cc385118c158454d40,86,primary,discovery,GVPA_001812
GVPA_001813,WP_212604240.1,8cc5c88d15faa4d4098f2e0e279a8fb35cdc96628acfb409d13655dbc284d226,86,primary,discovery,GVPA_001555
GVPA_001814,WP_191157535.1,fd9a2791aaca81c0c6ef24e2cab39f1a5d6e705c33b05238f2712e5de5243b2f,86,primary,discovery,GVPA_001551
GVPA_001815,WP_175989907.1,ca9d4013ee99a3222d426fc8ffbd7bf9bbebf316132153900a4314185543d6dd,86,primary,discovery,GVPA_001551
GVPA_001816,WP_172253945.1,3dd127a0efcf9a5457c8aab8bd64b72b607763502880671c1eddc2683defaedd,86,primary,discovery,GVPA_001555
GVPA_001817,WP_166030104.1,88ee73fdf0fc427edc719994808470adface4fcba624e7ef2ff2a7cf2013ac58,86,primary,discovery,GVPA_001551
GVPA_001818,WP_166030101.1,44075425e280f91869f7741a7bc28162c3513fbe4286c8c31cfabf4b92f3c471,86,primary,discovery,GVPA_001555
GVPA_001821,WP_105958376.1,b080db9796742f656263cec8bc0a2c0c8d8087f4e3fc287f63db20f9e5980068,86,primary,discovery,GVPA_001581
GVPA_001823,WP_101330890.1,905ebdcfc21b7ed8d2d2cb8e9b5442409818b4f764173ec496017bc6060294d2,86,primary,discovery,GVPA_001581
GVPA_001824,WP_100407998.1,2b6afdfba96a597935ac7684cba1e7994395c11de3a84bc89adf12c97282e85a,86,primary,discovery,GVPA_001551
GVPA_001826,WP_064092057.1,2ffb0e155508e140dfbeff5102d4c111dbe2f569e0b9c468015adecec403b793,86,primary,discovery,GVPA_001551
GVPA_001827,WP_059173157.1,0426b81b0cae1e176d21e1cfe18496d8087527924ed56155d166d600b676f15e,86,primary,discovery,GVPA_001784
GVPA_001828,WP_040047995.1,39abeace88875ff602858f6d534b371a19590c1d4980894f79c4fcdd932b84ba,86,primary,discovery,GVPA_001551
GVPA_001829,WP_026694723.1,04c114f840f1c4058ea6e9f14c3b7e8691408d35ff5ff449b3f20f8b9054d6e9,86,primary,discovery,GVPA_001581
GVPA_001843,WP_408011836.1,354eeee0be3f0383107be26977796d47824369722e4cc0040014e2231196c8e5,85,primary,discovery,GVPA_001551
GVPA_001844,WP_386062796.1,044652cd2d2677de71ee3ad6b28cfb22905b65ba36cac1256c3f01e3fb5c37d9,85,primary,discovery,GVPA_001844
GVPA_001846,WP_179267280.1,4a610b8daff21e47628899f45527e056a293252b40315ad74c35fae02520e728,85,primary,discovery,GVPA_001846
GVPA_001848,WP_158056335.1,873dfd59523575571c0b5a852b23c36dbfdd894fd7b15dc4d7d0328398c94192,85,primary,discovery,GVPA_001582
GVPA_001849,WP_049970408.1,06a18e8f389879fa735770e4aa811f6d1182d4ca43d77b59e264dea099199cab,85,primary,discovery,GVPA_001800
GVPA_001851,WP_236332920.1,4fb6b9391abe691f2baad498dcd90c96aa08fa3d5b40099b2c0cb556e59cae84,85,primary,discovery,GVPA_001851
GVPA_001852,WP_227937098.1,3ce8f60b99b21237414a17cdbbd31332ae83cf3b0bc83fe73fe3cfc226dd3814,85,primary,discovery,GVPA_001551
GVPA_001853,WP_100010259.1,e63cda87ab2705e419abd9ae6003b712d87407fc8def307fca8b29e9df629994,85,primary,discovery,GVPA_001555
GVPA_001856,WP_421708292.1,35226954812d95b1eb87f6c9f6c2ac5cabf4e8cb1e9932ee85489572ea157c29,84,primary,discovery,GVPA_001856
GVPA_001857,WP_336497511.1,19cd7b61a586d4e4fed893c2bbd031719e582f6c6b75c515eb7fffa1099eb2c8,84,primary,discovery,GVPA_001551
GVPA_001858,XOL52383.1,f977e0ce7c4a878af278f121d93c324388244920522e89fce9467528c48d695e,84,primary,discovery,GVPA_001551
GVPA_001859,WP_332100865.1,7801d96d034213cf08c8a094d7cac15ce9d441b0b84d59a3a397698d01a086b2,84,primary,discovery,GVPA_001596
GVPA_001861,WP_338727022.1,5c03f7861ccf36dc05336cbb110d6b9466b83c837a45b4254d8ee83f1acb7937,84,primary,discovery,GVPA_001861
GVPA_001862,WP_276245661.1,1f1d6fdb82f348ed948e69813ca969e1811e69f665260cf74fa3f7a057c84e99,84,primary,discovery,GVPA_001861
GVPA_001863,WP_227380740.1,04e4c15b93bd18832d3624d3cab0dd8efc526ba0885dbef36d4312b17746e305,84,primary,discovery,GVPA_001863
GVPA_001864,WP_154306366.1,5db4631b2c67ffc9f980f26e5b49807b6cccdced28e9b4e9d9135a7be3675830,84,primary,discovery,GVPA_001581
GVPA_001865,WP_064098149.1,8d61c399409b4395f3c50202fad06f3a8bd9f53aad013234d59976588dcf30eb,84,primary,discovery,GVPA_001555
GVPA_001866,WP_430140347.1,910f1df4ae7a7e4e12922ebde6fee24297fb90f39eea052693cdac7ba54d0304,83,primary,discovery,GVPA_001722
GVPA_001867,WP_433627171.1,8029e604ce9dbbf533bc34063c6ae4a15adebb3aec2e326641ead510af02f069,83,primary,discovery,GVPA_001667
GVPA_001868,WP_113279097.1,a95d48deca9746ef575ec2c96132f2d3026053b85173ca7aeafa62b090fafe87,83,primary,discovery,GVPA_001667
GVPA_001869,WP_430065897.1,a66f240c8435d5f7eedc413fda6c233e960d22ae30577f0ce510087aea050816,83,primary,discovery,GVPA_001722
GVPA_001870,WP_335714145.1,8400e38ff12b62b40e03f973a10e92c50343db146d03ee3461eae584e02f49fc,83,primary,discovery,GVPA_001722
GVPA_001873,WP_022949487.1,419538444627b50496c73c8cf28e7a1950e49971cfa5cb42c07430d39eb23bd3,82,primary,discovery,GVPA_001547
GVPA_001875,WP_367750907.1,99653906bbbaa3567e58037ebc89d71df155e279b2e9b7a7a4293bfa01ad6bd8,82,primary,discovery,GVPA_001722
GVPA_001876,WP_223587735.1,86a1bb384f8aaccbe24ac604258d445da780447c431c6d24cc785e6ec4dc5a3f,82,primary,discovery,GVPA_001722
GVPA_001877,WP_118877386.1,a4c92b6223fd059e223618fae7fd1ce41bc60d11a0abf53aa7281cc4a11c3fd1,82,primary,discovery,GVPA_001551
GVPA_001881,WP_423801245.1,90c029da4514f00630c70095fc4ebe43ac03b1f8aab9ac3a1687d196c4f38373,81,primary,discovery,GVPA_001722
GVPA_001882,WP_266077548.1,c0248ec199ed97e6d9eeee75158f72893fb07d4dfcefe6acbbe62039698acf97,80,primary,discovery,GVPA_001882
GVPA_001883,WP_216830687.1,da651a0a7b69341f23f4d46ee3c805e350ea3d98b94f0f4fe8704ffafe281576,80,primary,discovery,GVPA_001722
GVPA_001886,WP_229388838.1,7a11e816ce4f33f127ab672bd7fd1e087ce3ae422a271ad4ba9ba60d9ffcbb18,79,primary,discovery,GVPA_001886
GVPA_001888,sp|O33397.1|GVPA_HALVU,bf0dfc6c51956e5d54f7904eabcfda2aca05adff69b9fb1a544c2635718dc258,78,primary,discovery,GVPA_001568
GVPA_001890,WP_267662982.1,4f811102c58fb8e77080f5dd3e87eca3f86feb91a847119b6ffe487ef0fe11f1,78,primary,discovery,GVPA_001568
GVPA_001891,WP_292371610.1,340bf83afc765d1b00fdd15c36a88211b6ccc7b1557c106bec83457cd9bb095b,78,primary,discovery,GVPA_001886
GVPA_001892,WP_163836694.1,bf89f43284d2a11b93029904c571f0b75c5c61115d2e3f97cd9453172f114e44,78,primary,discovery,GVPA_001547
GVPA_001894,WP_041966224.1,54d4cabb25e375c2e3083385dcad6df8507be66a2853f7ce597da7d1554f68c5,77,primary,discovery,GVPA_001722
GVPA_001896,RJX27445.1,06b1c9e24803028df3dd2670fe853899c6ca742ce8a68f84a9b3516fab6d1f78,77,primary,discovery,GVPA_001896
GVPA_001897,WP_338255845.1,1ca802048c4a6cd9dca398191c084cfbc6061238919610b015007080f09a9f15,76,primary,discovery,GVPA_001897
GVPA_001899,WP_375796785.1,440c141d3d83ed043c333614417693fd89f0dfdca16a4ae6872273ea898aeb50,76,primary,discovery,GVPA_001568
GVPA_001902,WP_227132931.1,27cf1e5aac6ec3dd931dff21f72095eed48d09c3f568003ed3775261bc0e6122,76,primary,discovery,GVPA_001568
GVPA_001903,WP_144261482.1,2a93193629740c6b70afaf073c3de7dac6d79ebf780c22b99addd3e1a8872350,76,primary,discovery,GVPA_001568
GVPA_001905,WP_049934333.1,f7dbe09f7bde0afd35430a77ff43add3b256326bed36cfc07fed23d5822002be,76,primary,discovery,GVPA_001568
GVPA_001906,WP_048122675.1,448d52f7c380acd653509b909b66c6ae1230252cfa74026dcde3b1a46691dd4a,76,primary,discovery,GVPA_001906
GVPA_001908,WP_188484346.1,dcefec45b0e834bbd1136c1bbb8b0429271afa94f2d470875d28280221668c7d,76,primary,discovery,GVPA_001547
GVPA_001914,WP_440955508.1,1e070d0d2387bb202235dd365948f4b25f48059ea4c98d3578571e9cd7eb12bb,75,primary,discovery,GVPA_001906
GVPA_001916,WP_315073129.1,651deda52eb485d5380e11d0bd0c580df38f654881a05e859441303cd3690fbc,75,primary,discovery,GVPA_001916
GVPA_001919,WP_379640496.1,86ebca091b9272e657505efec988aa8e3dc5f76d49029f1af44bbb42ef160807,75,primary,discovery,GVPA_001919
GVPA_001923,WP_207648199.1,aef0e900ff08f50b51050dde6bb5f7243d00e9254cf676e0689045da47b7d7a4,75,primary,discovery,GVPA_001923
GVPA_001928,XWU83248.1,a2b40c981456774b6e29756894bbc27182fa3b0b77e5d636b4032ab626568ac2,74,primary,discovery,GVPA_001547
GVPA_001931,WP_207545114.1,31bb770684ff35b24094bfab3a08efbea4548bf6fc3804405eea072a78fca361,74,primary,discovery,GVPA_001923
GVPA_001932,WP_193725987.1,3256fc90422610c7f8cc0a145238e190ca06dd23a58996a7b90a413e590e2e97,74,primary,discovery,GVPA_001932
GVPA_001934,WP_134699217.1,34624fdc2470cd5a2bf34c9a89c60b90e45ccce685c62926947223a291d04faa,74,primary,discovery,GVPA_001547
GVPA_001935,WP_115480454.1,2a7c812c0104b829da2d234606ef194cd7b0120f827141d8cde79846a87cb82f,74,primary,discovery,GVPA_001932
GVPA_001937,WP_089729497.1,e9d01ae6175270dee0d811da043d2703afeb63591e014fc1d0393f88a8a40595,74,primary,discovery,GVPA_001547
GVPA_001939,WP_084383942.1,e8e78837892ab1704b44943c3164e2473cb72f57d16f3126aa1f2a124d924f4b,74,primary,discovery,GVPA_001939
GVPA_001940,WP_022834760.1,f4b103f437e4c6a24ac0e6c90a00473a407fc0fe7e07cbcdde8753d9bda915e0,74,primary,discovery,GVPA_001547
GVPA_001943,TRZ88581.1,e29ce8b53c23acf3dceb7349f11668f45e23877ec3880bdbb7c73e4c498cc8a9,74,primary,discovery,GVPA_001568
GVPA_001945,RJX19445.1,ffd5108f5d05ed83d9ecc2902b66af61d2c2a5a1c6475ed379baf95cbaebc70b,74,primary,discovery,GVPA_001547
GVPA_001946,WP_212716182.1,291571f679284e1c6455963717615530ae130d29db41fb93abfacd00fa90ad20,73,primary,discovery,GVPA_001547
GVPA_001949,WP_426380802.1,27cfc6c7874687adce98fe5beec40dda323c639ba2824175d39fc4aad0117ad3,73,primary,discovery,GVPA_001949
GVPA_001950,WP_410337796.1,387a1a5b990d83c80a609a93287a136e5e242150b20ddd4a1e49c657c24a6c38,73,primary,discovery,GVPA_001547
GVPA_001951,WP_379650762.1,6cd6a14977934f64979a41a3771d6fe7e8dad157178bbbd3409fe43630cb5a41,73,primary,discovery,GVPA_001919
GVPA_001952,WP_324716694.1,10268ee8450e0bb5a4533dd0737c1855e098f5e675543a0dbaa927c55ecb3d54,73,primary,discovery,GVPA_001952
GVPA_001953,WP_375803144.1,36d36d0c4f52b3ab32d367ff704271c4f22cce71b0e9625e3e2a6ce41c559470,73,primary,discovery,GVPA_001547
GVPA_001954,WP_295448790.1,dc38a4313453d819bde4cf5c13a9015df0365250c7779284ec96a6da68c2fab4,73,primary,discovery,GVPA_001547
GVPA_001955,WP_256019813.1,d9e7adf0f15523b79bb71f4b9e86898a470abfd3037e9de253b5b81e9e7b03c8,73,primary,discovery,GVPA_001919
GVPA_001957,WP_110291812.1,5ab45ad51e4b3b910fd8c1746a4567c486de46a44aed731199d0ca87ee20ae2d,73,primary,discovery,GVPA_001932
GVPA_001959,WP_010109838.1,e6550f96a73166345a2aec6ac098824a55a382b065124fc8b710a568cb594709,73,primary,discovery,GVPA_001547
GVPA_001960,WP_009169229.1,391901271c49a6d9d54b42505e0ac2fca4b89baac5f4a103e91f1d4b3d472107,73,primary,discovery,GVPA_001916
GVPA_001966,XZE34423.1,4eaa3da48c36a3a15145eb7a07beba22405b734d091843256161e81bde0d4eca,72,primary,discovery,GVPA_001547
GVPA_001968,XZE39488.1,f063d1210a55bcc917a55d7a3c9d7ac757fba7cad9a5e0587939eceff0f37b29,72,primary,discovery,GVPA_001547
GVPA_001969,WP_168048067.1,c0e3f34d82aab8fda8726713aa4d0f05d8d0c58a7216b71e0372b7862d480ca1,72,primary,discovery,GVPA_001919
GVPA_001974,WP_428403798.1,58de098a6c8aae0513de85526b4bfd2ec959113cd4692c08455d9bd7f1221b78,72,primary,discovery,GVPA_001547
GVPA_001976,WP_164693470.1,0b5cd7683d09753175798c62619ea564033e5f158ba14359919e46d521384fcf,72,primary,discovery,GVPA_001919
GVPA_001983,WP_301077186.1,dda877b0008607a0fc715bf1e261281865393b5cd3d35f1e590e3af5d6480f76,72,primary,discovery,GVPA_001547
GVPA_001986,WKZ20528.1,9c9277ab558db757d72cbabe7f06a699df4f536c1b2a7f9669ab077692fbfbda,72,primary,discovery,GVPA_001547
GVPA_001988,WP_295540625.1,603ba2fccd34d2e3b1429d174e372373f06492d7f3553e69d462d07c41147e20,72,primary,discovery,GVPA_001547
GVPA_001990,WP_163833110.1,63042e294eae0d141b5c2883dc58873a4850b5a7ac4fd2bddfe220e7ceec9eab,72,primary,discovery,GVPA_001547
GVPA_001991,WP_052562316.1,ec1d66f4985b18dd022643b17cee09b8a11441bc394c817d409b1c43b43b7833,72,primary,discovery,GVPA_001547
GVPA_001992,WP_275118280.1,ccf96d6a6ed62483f79acd8fe73ca53375ccdbff2e5eb7b13fb254638c377970,72,primary,discovery,GVPA_001555
GVPA_001993,WP_274691980.1,e6ab93f7efc7fc3ffe18f7c1b0f81b303e89607fc39babd5044a943fc09e239c,72,primary,discovery,GVPA_001547
GVPA_001994,WP_238625541.1,1c3f16a0fdc7b319cfc790d2f90570d448332245bedff19b9985cdb064da006e,72,primary,discovery,GVPA_001547
GVPA_001995,WP_200348319.1,42c893463fb64a324e0329fe17ac8680ed28500bc84d8ca81fd4e667fa6627e9,72,primary,discovery,GVPA_001547
GVPA_001998,WP_169565185.1,f3c68da8dba27ecffeaa1845c5c3adb9482736051e5c46cf94a53e40a70dc08c,72,primary,discovery,GVPA_001547
GVPA_002000,WP_165227581.1,2bfd989de859f7b78cc5cdafcbb82e88bba0cc02858c6702a1b7a3cbc8b48a48,72,primary,discovery,GVPA_001547
GVPA_002002,WP_136922933.1,6bbc846fc8bfac59f7c6510418290574d1f669840583c3476a2d090d30078eaa,72,primary,discovery,GVPA_001547
GVPA_002003,WP_134218556.1,cf3573d661974bcf483617ebe29e38abcb9dc30cd53f4a57a629ac5346636095,72,primary,discovery,GVPA_001923
GVPA_002004,WP_133223097.1,8bb6c5a9c15b53104f77ac1bade4b9eede346be437816743b1b4bde55ca0ab93,72,primary,discovery,GVPA_001919
GVPA_002006,WP_114298891.1,568a29ab96947d1f56cdd26f9b00e86bc04211c3cae7b22fd267b4e4851a89a7,72,primary,discovery,GVPA_002006
GVPA_002008,WP_098420078.1,5531343a7a7ecf79ad55db9ca51e2ec58b7248423070d730fbb242c095de6142,72,primary,discovery,GVPA_001547
GVPA_002010,WP_084068413.1,c95ec1b2f7e46d479f0b7badb82434afd4e1a2e4219d526149e245a2c5401427,72,primary,discovery,GVPA_001547
GVPA_002012,WP_020175973.1,b0f89cfe92498f0bbfbcd0093025ea5362a09020df0c6ccda90ebcbd25c82772,72,primary,discovery,GVPA_001547
GVPA_002014,WP_013706740.1,9ea506ab1bb26a2a159a665465c1d2e49eaa520ea544b46534f50ac65e22eb5b,72,primary,discovery,GVPA_001547
GVPA_002015,WP_011770092.1,0a83dfbba1b7aa435131d2f769a306bfb6545d0e419077a8449abf3fac54dda8,72,primary,discovery,GVPA_001547
GVPA_002016,TRZ67785.1,143f559477d89ca01469a74251b9aca608ec03bbbefd1b1b252e18aa3d4d5340,72,primary,discovery,GVPA_002016
GVPA_002017,RYJ02242.1,f8dbfaa4c9f78aabad57c3ad5d4878ad870464f0b2a9353d060c09e88744db1c,72,primary,discovery,GVPA_001919
GVPA_002018,RJX19963.1,b9e4ab9266ff8b77cfd6d3f336fff8ba98e6117f995f40c1572e3f32f681bc32,72,primary,discovery,GVPA_002018
GVPA_002026,WP_201392536.1,d4535c05655d38b6793226a1d23a25c56906808389ddcfab5e4bfda317918e57,71,primary,discovery,GVPA_001547
GVPA_002028,WP_115480453.1,799d6db27c80e0e7903b54ad527181939a651dfc8b92e7f2257826540396fe56,71,primary,discovery,GVPA_001932
GVPA_002032,WP_015758460.1,c05532e5292ee743920d65ecfe1a2852cef2168b8b687e623d231738d49b66ce,71,primary,discovery,GVPA_001812
GVPA_002036,XZQ37595.1,48837acd9988d5a6289d0d312e5a2a0fba16154b3eb0d2bc4447a6f783bf1f0f,70,primary,discovery,GVPA_002036
GVPA_002037,sp|B9KU72.1|GVPA_CERSK,130e62fc868ae20abbc4d7ff1b393afceecf214e482dae49a68d7adeac27391d,70,primary,discovery,GVPA_002036
GVPA_002038,sp|A4YMQ7.1|GVPA_BRASO,b1ead8162da63f55d1d62aad886afa5920a751a7dc6eeb39d86d3b4805b4f9b8,70,primary,discovery,GVPA_002036
GVPA_002039,XED03938.1,d8adf42b87bd05b02f3cc763ff67149aa0c8b5efa9a22382983adb8ec3fcbe16,70,primary,discovery,GVPA_002036
GVPA_002040,WP_342070892.1,c88f9ffff90291b1560233f546b76e54fc9da0f6bafb9239779bc03168c818ea,70,primary,discovery,GVPA_002036
GVPA_002041,WP_295848159.1,3426f2b4953d2172f209b39e07c92d33714de1f85bc963ee04a0c73f32a57c8b,70,primary,discovery,GVPA_001695
GVPA_002043,WP_089851011.1,a84874ccf2cf9f12a8eff022b9f61b67400be272b175425a21b81f17d3deea8e,70,primary,discovery,GVPA_002036
GVPA_002044,WP_278028173.1,aca6770bcb5a580c4c2ac6637a904e7b633ef4df91ea3eb56d8c300998abf82c,70,primary,discovery,GVPA_002036
GVPA_002045,WP_277442832.1,9adb2cc7f37ad19f8e0f5ef3b30905c0f4090471c3ec259b3fddc7492bfe73aa,70,primary,discovery,GVPA_001923
GVPA_002046,WP_264492078.1,399c6c7f39b6c9cf5ad57037cc9d099acc0691f6eb1695ba4f607a70ccca826c,70,primary,discovery,GVPA_002036
GVPA_002047,WP_160763777.1,08ca607a70bf3998101a9512eb52b57c1b80e2c13c49a70a6984ed5d0bef0b30,70,primary,discovery,GVPA_001919
GVPA_002048,WP_115393152.1,ea394d0f8102113c7b586c4600bada1b0b8307f146bf34f34b415e1a1541a3e7,70,primary,discovery,GVPA_002036
GVPA_002049,WP_104509441.1,5999831f394b80c759013cff8d5244a8fdce37763825e9e54f6d0f8238f6853d,70,primary,discovery,GVPA_001722
GVPA_002050,WP_100196984.1,5fa036ca3723472605e8fb1e56518c5f6df815f2774260b75dd1bedf9b7712e5,70,primary,discovery,GVPA_002036
GVPA_002051,WP_094376571.1,8b73be19e1760871e605ab2c6e9d9e9d0237e022a68a462d4e69f4378b032985,70,primary,discovery,GVPA_001932
GVPA_002052,WP_093252384.1,02e83ad46b86e8eaf5e72ac58980deb955c9923ecc5f393c34d6bbb46caacfd4,70,primary,discovery,GVPA_002036
GVPA_002054,WP_081535855.1,a6afc902cb295160c5db8606444b6dda5d9b591dd8a52303b79fa0c87b58528c,70,primary,discovery,GVPA_002036
GVPA_002055,WP_009029464.1,cd1db2b9b825a77adf976a844e61a41e984ced1856c3c21d3a272461756d06e0,70,primary,discovery,GVPA_002036
GVPA_002058,WP_257743183.1,484b097725196d6613d9eef612aabe13e2fc6914100808e8038b38b39a3ebbaa,69,primary,discovery,GVPA_002058
GVPA_002059,WP_274373506.1,9ba976654c95d4d9fd8ffe4ff8d4a6186d6631fd013c161e4ccb5c524a6494cc,69,primary,discovery,GVPA_002059
GVPA_002061,WP_291003874.1,0c143ad343586201fcf9a3504764a20810d30e8d1de52807930145512c74f4c8,69,primary,discovery,GVPA_001856
GVPA_002063,WP_268070118.1,c98671ca28ab9cb8f04cae21231ffdd6c177743f85112a951dc5b7ecbdbe98d4,69,primary,discovery,GVPA_001916
GVPA_002064,WP_213698146.1,6eb103ed851a261f0454e5c7b5e46eddc554e5c21ab07bb46777bd1462e56f2c,69,primary,discovery,GVPA_002059
GVPA_002066,WP_068866927.1,d1ffe3160c1f85b8feb9318303c3242b1b3f5affb5de3b3a2fc2ab8444879755,68,primary,discovery,GVPA_001547
GVPA_002071,TAF67445.1,ecbe8c2b9d820430fbf5812b0986e3553682f71422785d405af108a4059ab4d4,68,primary,discovery,GVPA_001547
GVPA_002072,RFM24280.1,692d300de0bf86922c69b5a11ac1f5692971f39c58139ff77e8f57a48f590895,68,primary,discovery,GVPA_001547
GVPA_002073,WP_066383060.1,a073bea82f9def955f000c075cfae3c1467d3fba0e830514cff5c09cb58f32f5,67,primary,discovery,GVPA_002073
GVPA_002074,QUL99245.1,d565583d15eb6f192c5761839f38d47464b1db2d5e7452ae290140b6cf00e933,67,primary,discovery,GVPA_002074
GVPA_002077,WP_285442166.1,2a643259fb5c627e5a760a12d39c8bffca7b0f2759fb11752e71477163859744,65,primary,discovery,GVPA_002077
